case,trial,ticks_per_sec,step,time_s,dt_s,current_m_s,velocity_before_m_s,velocity_m_s,position_m,angular_velocity_rad_s,rpy_deg,acceleration_fd_m_s2,acceleration_sensor_m_s2,force_ma_N,force_reconstructed_N,thrust_reference_N,expected_drag_N,observed_drag_N,predicted_source_velocity_m_s,source_prediction_velocity_error_m_s,damping_gain,collision,observed_expected_scale,step_observed_expected_scales,maximum_angular_velocity_rad_s,any_collision,maximum_sensor_fd_error_m_s2,maximum_source_prediction_error_m_s
neutral_zero,0,60,0,0.016666666666666666,0.016666666666666666,"[0, 0, 0]","[0.0, -0.0, 0.0]","[0.0, -0.0, 0.0]","[0.0, -0.0, -5.0]","[-0.0, 0.0, -0.0]","[0.0, -0.0, -0.0]","[0.0, 0.0, 0.0]","[0.0, 0.0, 0.0]","[0.0, 0.0, 0.0]","[0.0, 0.0, 0.0]","[0.0, 0.0, 0.0]","[-0.0, 0.0, -0.0]","[0.0, 0.0, 0.0]","[0.0, 0.0, 0.0]",0.0,0.9833333333333333,False,,"[null, null, null, null, null, null, null, null]",0.0,False,0.0,0.0
current_x_0.1,0,60,0,0.16666666666666666,0.016666666666666663,"[0.1, 0, 0]","[0.0, -0.0, 0.0]","[0.0025575219187885523, -0.0, 0.0]","[4.2625368223525584e-05, -0.0, -5.0]","[-0.0, 0.0, -0.0]","[0.0, -0.0, -0.0]","[0.15345131512731316, 0.0, 0.0]","[0.15345130860805511, 0.0, 0.0]","[1.7646901239641013, 0.0, 0.0]","[1.794600126065188, 0.0, 0.0]","[0.0, 0.0, 0.0]","[1.7946000000000002, 0.0, -0.0]","[1.794600126065188, 0.0, 0.0]","[0.002557521739130435, 0.0, 0.0]",1.7965811737602477e-10,0.9833333333333333,False,1.0000000702469563,"[1.0000000702469563, 1.0000000995053577, 1.0000000347749807, 1.000000136257362, 0.9999997677422764, 1.0000001504556395, 1.0000002452321313, 0.999999702730124]",0.0,False,3.352761265840165e-08,5.524792567879189e-10
current_x_0.2,0,60,0,0.31666666666666665,0.016666666666666663,"[0.2, 0, 0]","[0.0, -0.0, 0.0]","[0.01023008767515421, -0.0, 0.0]","[0.00017050147289410233, -0.0, -5.0]","[-0.0, 0.0, -0.0]","[0.0, -0.0, -0.0]","[0.6138052605092527, 0.0, 0.0]","[0.6138052344322205, 0.0, 0.0]","[7.058760495856405, 0.0, 0.0]","[7.178400504260752, 0.0, 0.0]","[0.0, 0.0, 0.0]","[7.178400000000001, 0.0, -0.0]","[7.178400504260752, 0.0, 0.0]","[0.01023008695652174, 0.0, 0.0]",7.186324695040991e-10,0.9833333333333333,False,1.0000000702469563,"[1.0000000702469563, 1.000000105848695, 0.9999998564274657, 1.0000000727953782, 1.0000000449197712, 1.0000003566326057, 1.0000000023142, 1.000000078074001]",0.0,False,1.3411045080014006e-07,2.3085462569349957e-09
current_x_0.4,0,60,0,0.4666666666666667,0.016666666666666663,"[0.4, 0, 0]","[0.0, -0.0, 0.0]","[0.04092035070061684, -0.0, 0.0]","[0.0006820058915764093, -0.0, -5.0]","[-0.0, 0.0, -0.0]","[0.0, -0.0, -0.0]","[2.4552210420370106, 0.0, 0.0]","[2.455220937728882, 0.0, 0.0]","[28.23504198342562, 0.0, 0.0]","[28.71360201704301, 0.0, 0.0]","[0.0, 0.0, 0.0]","[28.713600000000003, 0.0, -0.0]","[28.71360201704301, 0.0, 0.0]","[0.04092034782608696, 0.0, 0.0]",2.8745298780163964e-09,0.9833333333333333,False,1.0000000702469563,"[1.0000000702469563, 0.9999999935664303, 0.9999999636367557, 1.0000002052578678, 0.9999996640781172, 1.0000004888253242, 0.9999997788936434, 1.0000001604357425]",0.0,False,5.960464449783487e-07,8.535804202347563e-09
current_x_0.8,0,60,0,0.6166666666666667,0.01666666666666672,"[0.8, 0, 0]","[0.0, -0.0, 0.0]","[0.16368140280246735, -0.0, 0.0]","[0.0027280235663056374, -0.0, -5.0]","[-0.0, 0.0, -0.0]","[0.0, -0.0, -0.0]","[9.82088416814801, 0.0, 0.0]","[9.820883750915527, 0.0, 0.0]","[112.94016793370213, 0.0, 0.0]","[114.85440806817165, 0.0, 0.0]","[0.0, 0.0, 0.0]","[114.85440000000001, 0.0, -0.0]","[114.85440806817165, 0.0, 0.0]","[0.16368139130434783, 0.0, 0.0]",1.1498119512065585e-08,0.9833333333333333,False,1.000000070246953,"[1.000000070246953, 0.9999998919133535, 1.0000002825018344, 0.9999998575247357, 1.0000001372817582, 1.0000002747801993, 1.000000055197069, 1.0000000144064298]",0.0,False,1.3113021726240959e-06,2.0717958459925967e-08
current_x_negative,0,60,0,0.7666666666666667,0.01666666666666672,"[-0.4, 0, 0]","[0.0, -0.0, 0.0]","[-0.04092035070061684, -0.0, 0.0]","[-0.0006820058915764093, -0.0, -5.0]","[-0.0, 0.0, -0.0]","[0.0, -0.0, -0.0]","[-2.4552210420370026, 0.0, 0.0]","[-2.455220937728882, 0.0, 0.0]","[-28.235041983425532, 0.0, 0.0]","[-28.713602017042913, 0.0, 0.0]","[0.0, 0.0, 0.0]","[-28.713600000000003, 0.0, -0.0]","[-28.713602017042913, 0.0, 0.0]","[-0.04092034782608696, 0.0, 0.0]",2.8745298780163964e-09,0.9833333333333333,False,1.000000070246953,"[1.000000070246953, 0.9999999935664337, 0.9999999636367524, 1.0000002052578743, 0.9999996640781105, 1.0000004888253307, 0.9999997788936368, 1.0000001604357491]",0.0,False,5.96046450973553e-07,8.535804202347563e-09
current_1_-1,0,60,0,0.9166666666666666,0.016666666666666607,"[0, -0.4, 0]","[0.0, -0.0, 0.0]","[0.0, -0.04092035070061684, 0.0]","[0.0, -0.0006820058915764093, -5.0]","[-0.0, 0.0, -0.0]","[0.0, -0.0, -0.0]","[0.0, -2.455221042037019, 0.0]","[0.0, -2.455220937728882, 0.0]","[0.0, -28.23504198342572, 0.0]","[0.0, -28.713602017043105, 0.0]","[0.0, 0.0, 0.0]","[-0.0, -28.713600000000003, -0.0]","[0.0, -28.713602017043105, 0.0]","[0.0, -0.04092034782608696, 0.0]",2.8745298780163964e-09,0.9833333333333333,False,1.0000000702469598,"[1.0000000702469598, 0.9999999935664269, 0.9999999636367591, 1.0000002052578678, 0.9999996640781172, 1.0000004888253242, 0.9999997788936434, 1.000000160435736]",0.0,False,5.960464449783487e-07,8.535804202347563e-09
current_1_1,0,60,0,1.0666666666666667,0.016666666666666607,"[0, 0.4, 0]","[0.0, -0.0, 0.0]","[0.0, 0.04092035070061684, 0.0]","[0.0, 0.0006820058915764093, -5.0]","[-0.0, 0.0, -0.0]","[0.0, -0.0, -0.0]","[0.0, 2.455221042037019, 0.0]","[0.0, 2.455220937728882, 0.0]","[0.0, 28.23504198342572, 0.0]","[0.0, 28.713602017043105, 0.0]","[0.0, 0.0, 0.0]","[-0.0, 28.713600000000003, -0.0]","[0.0, 28.713602017043105, 0.0]","[0.0, 0.04092034782608696, 0.0]",2.8745298780163964e-09,0.9833333333333333,False,1.0000000702469598,"[1.0000000702469598, 0.9999999935664337, 0.9999999636367457, 1.0000002052578743, 0.9999996640781172, 1.0000004888253307, 0.9999997788936302, 1.0000001604357491]",0.0,False,5.96046450973553e-07,8.535804202347563e-09
current_2_-1,0,60,0,1.2166666666666666,0.016666666666666607,"[0, 0, -0.4]","[0.0, -0.0, 0.0]","[0.0, -0.0, -0.04092035070061684]","[0.0, -0.0, -5.0006818771362305]","[-0.0, 0.0, -0.0]","[0.0, -0.0, -0.0]","[0.0, 0.0, -2.455221042037019]","[0.0, 0.0, -2.455220937728882]","[0.0, 0.0, -28.23504198342572]","[0.0, 0.0, -28.713602017043105]","[0.0, 0.0, 0.0]","[-0.0, 0.0, -28.713600000000003]","[0.0, 0.0, -28.713602017043105]","[0.0, 0.0, -0.04092034782608696]",2.8745298780163964e-09,0.9833333333333333,False,1.0000000702469598,"[1.0000000702469598, 0.9999999935664203, 0.9999999636367591, 1.0000002052578743, 0.9999996640781039, 1.0000004888253307, 0.9999997788936434, 1.0000001604357491]",0.0,False,5.96046450973553e-07,8.535804202347563e-09
current_2_1,0,60,0,1.3666666666666667,0.016666666666666607,"[0, 0, 0.4]","[0.0, -0.0, 0.0]","[0.0, -0.0, 0.04092035070061684]","[0.0, -0.0, -4.999317646026611]","[-0.0, 0.0, -0.0]","[0.0, -0.0, -0.0]","[0.0, 0.0, 2.455221042037019]","[0.0, 0.0, 2.455220937728882]","[0.0, 0.0, 28.23504198342572]","[0.0, 0.0, 28.713602017043105]","[0.0, 0.0, 0.0]","[-0.0, 0.0, 28.713600000000003]","[0.0, 0.0, 28.713602017043105]","[0.0, 0.0, 0.04092034782608696]",2.8745298780163964e-09,0.9833333333333333,False,1.0000000702469598,"[1.0000000702469598, 0.9999999935664337, 0.9999999636367591, 1.000000205257861, 0.9999996640781172, 1.0000004888253307, 0.9999997788936434, 1.000000160435736]",0.0,False,5.96046450973553e-07,8.535804202347563e-09
yaw90_world_current,0,60,0,1.5166666666666666,0.016666666666666607,"[0.4, 0, 0]","[0.0, -0.0, 0.0]","[0.04092035070061684, -0.0, 0.0]","[0.0006820058915764093, -3.3306689994292145e-18, -5.0]","[-0.0, 0.0, -0.0]","[0.0, -0.0, 90.00000762939453]","[2.455221042037019, 0.0, 0.0]","[2.455220937728882, 0.0, 0.0]","[28.23504198342572, 0.0, 0.0]","[28.713602017043105, 0.0, 0.0]","[0.0, 0.0, 0.0]","[28.713600000000003, 0.0, -0.0]","[28.713602017043105, 0.0, 0.0]","[0.04092034782608696, 0.0, 0.0]",2.8745298780163964e-09,0.9833333333333333,False,1.0000000702469598,"[1.0000000702469598, 0.9999999935664203, 0.9999999636367591, 1.0000002052578743, 0.9999996640781172, 1.0000004888253176, 0.9999997788936434, 1.0000001604357491]",0.0,False,5.960464388721221e-07,8.535804202347563e-09
thrust_0_10N,0,60,0,1.6666666666666667,0.01666666666666683,"[0, 0, 0]","[0.0, -0.0, 0.0]","[0.014251207932829857, -0.0, 0.0]","[0.00023752014385536313, -0.0, -5.0]","[-0.0, 0.0, -0.0]","[0.0, -0.0, -0.0]","[0.8550724759697831, 0.0, 0.0]","[0.8550724387168884, 0.0, 0.0]","[9.833333473652505, 0.0, 0.0]","[10.000000142697465, 0.0, 0.0]","[10, 0.0, 0.0]","[-0.0, 0.0, -0.0]","[1.4269746451134324e-07, 0.0, 0.0]","[0.014251207729468597, 0.0, 0.0]",2.0336126012321376e-10,0.9833333333333333,False,,"[null, 0.9999940407412669, 1.0000016173860282, 0.999996155301268, 1.0000013208415661, 1.0000003119308074, 0.9999980979465258, 0.9999992710492607]",0.0,False,2.0861625915635784e-07,3.068841791797894e-09
thrust_1_10N,0,60,0,1.8166666666666667,0.016666666666666607,"[0, 0, 0]","[0.0, -0.0, 0.0]","[0.0, 0.014251207932829857, 0.0]","[0.0, 0.00023752014385536313, -5.0]","[-0.0, -1.1152601195830025e-22, 7.308968719699165e-18]","[0.0, -0.0, -0.0]","[0.0, 0.8550724759697944, 0.0]","[0.0, 0.8550724387168884, 0.0]","[0.0, 9.833333473652635, 0.0]","[0.0, 10.000000142697598, 0.0]","[0.0, 10, 0.0]","[-0.0, 0.0, -0.0]","[0.0, 1.426975977381062e-07, 0.0]","[0.0, 0.014251207729468597, 0.0]",2.0336126012321376e-10,0.9833333333333333,False,,"[null, 0.9999940407412669, 1.0000016173869484, 0.999996155301268, 1.0000013208413328, 1.0000003119308074, 0.999998097946631, 0.9999992710491838]",5.597657598712106e-17,False,2.0861625005252904e-07,3.068841791797894e-09
thrust_2_10N,0,60,0,1.9666666666666666,0.016666666666666607,"[0, 0, 0]","[0.0, -0.0, 0.0]","[0.0, -0.0, 0.014251207932829857]","[0.0, -0.0, -4.999762535095215]","[-0.0, 2.498182708255604e-20, -0.0]","[0.0, -0.0, -0.0]","[0.0, 0.0, 0.8550724759697944]","[0.0, 0.0, 0.8550724387168884]","[0.0, 0.0, 9.833333473652635]","[0.0, 0.0, 10.000000142697598]","[0.0, 0.0, 10]","[-0.0, 0.0, -0.0]","[0.0, 0.0, 1.426975977381062e-07]","[0.0, 0.0, 0.014251207729468597]",2.0336126012321376e-10,0.9833333333333333,False,,"[null, 0.9999940407449223, 1.0000016173860282, 0.999996155301268, 1.0000013208413328, 1.0000003119308074, 0.9999980979467346, 0.9999992710491838]",1.9132617774987346e-19,False,2.0861624105972254e-07,3.068841791797894e-09
gravity_air,0,60,0,2.1166666666666667,0.016666666666666607,"[0, 0, 0]","[0, 0, 0]","[0.0, -0.0, -0.1606111228466034]","[0.0, -0.0, 19.99732208251953]","[-0.0, 0.0, -0.0]","[0.0, -0.0, -0.0]","[0.0, -0.0, -9.636667370796237]","[0.0, 0.0, -9.636667251586914]","[0.0, -0.0, -110.82167476415673]","[0.0, -0.0, -112.70000823473568]","[0.0, 0.0, 0.0]","[0, 0, 0]","[0.0, -0.0, -8.234735673795512e-06]","[0.0, 0.0, -0.1606111111111111]",1.1735492300157802e-08,0.9833333333333333,False,,"[null, null, null, null, null, null, null, null]",0.0,False,5.722045868239434e-06,9.157922531422003e-08
moving_zero_current,0,60,0,2.2666666666666666,0.016666666666666607,"[0, 0, 0]","[0.3933333158493042, -0.0, 0.0]","[0.3472100794315338, -0.0, 0.0]","[0.012342390604317188, -0.0, -5.0]","[-0.0, 0.0, -0.0]","[0.0, -0.0, -0.0]","[-2.767394185066233, 0.0, 0.0]","[-2.767395496368408, 0.0, 0.0]","[-31.82503312826168, 0.0, 0.0]","[-27.764440673892878, 0.0, 0.0]","[0.0, 0.0, 0.0]","[-27.764453531688744, 0.0, -0.0]","[-27.764440673892878, 0.0, 0.0]","[0.3472100611076217, 0.0, 0.0]",1.8323912109874385e-08,0.9833333333333333,False,0.9999995368972111,"[0.9999995368972111, 1.0000003474959602, 1.0000005401100127, 1.000000204724859, 0.9999992991628791, 0.9999997677960155, 1.0000009075049696, 1.0000002018075083]",0.0,False,1.3113021752886311e-06,1.8323912109874385e-08
moving_matched_current,0,60,0,2.4166666666666665,0.016666666666666607,"[0.3933333158493042, -0.0, 0.0]","[0.3933333158493042, -0.0, 0.0]","[0.38677778840065, -0.0, 0.0]","[0.013001852668821812, -0.0, -5.0]","[-0.0, 0.0, -0.0]","[0.0, -0.0, -0.0]","[-0.3933316469192519, 0.0, 0.0]","[-0.3933333158493042, 0.0, 0.0]","[-4.523313939571397, 0.0, 0.0]","[1.9517995541451573e-05, 0.0, 0.0]","[0.0, 0.0, 0.0]","[-0.0, -0.0, -0.0]","[1.9517995541451573e-05, 0.0, 0.0]","[0.3867777605851491, 0.0, 0.0]",2.781550090258378e-08,0.9833333333333333,False,,"[null, 0.9973484071949636, 1.0004565573113415, 0.9999518450892819, 1.0000220319700535, 1.000030731358581, 0.999963624635465, 1.000023261648137]",0.0,False,1.7583370222618022e-06,2.914348246063625e-08
neutral_zero,1,60,0,2.566666666666667,0.01666666666666705,"[0, 0, 0]","[0.0, -0.0, 0.0]","[0.0, -0.0, 0.0]","[0.0, -0.0, -5.0]","[-0.0, 0.0, -0.0]","[0.0, -0.0, -0.0]","[0.0, 0.0, 0.0]","[0.0, 0.0, 0.0]","[0.0, 0.0, 0.0]","[0.0, 0.0, 0.0]","[0.0, 0.0, 0.0]","[-0.0, 0.0, -0.0]","[0.0, 0.0, 0.0]","[0.0, 0.0, 0.0]",0.0,0.9833333333333333,False,,"[null, null, null, null, null, null, null, null]",0.0,False,0.0,0.0
current_x_0.1,1,60,0,2.716666666666667,0.016666666666666607,"[0.1, 0, 0]","[0.0, -0.0, 0.0]","[0.0025575219187885523, -0.0, 0.0]","[4.2625368223525584e-05, -0.0, -5.0]","[-0.0, 0.0, -0.0]","[0.0, -0.0, -0.0]","[0.1534513151273137, 0.0, 0.0]","[0.15345130860805511, 0.0, 0.0]","[1.7646901239641075, 0.0, 0.0]","[1.794600126065194, 0.0, 0.0]","[0.0, 0.0, 0.0]","[1.7946000000000002, 0.0, -0.0]","[1.794600126065194, 0.0, 0.0]","[0.002557521739130435, 0.0, 0.0]",1.7965811737602477e-10,0.9833333333333333,False,1.0000000702469598,"[1.0000000702469598, 1.000000099505361, 1.0000000347749856, 1.0000001362573654, 0.9999997677422797, 1.0000001504556428, 1.0000002452321082, 0.9999997027301274]",0.0,False,3.352761233921253e-08,5.524792567879189e-10
current_x_0.2,1,60,0,2.8666666666666667,0.016666666666666607,"[0.2, 0, 0]","[0.0, -0.0, 0.0]","[0.01023008767515421, -0.0, 0.0]","[0.00017050147289410233, -0.0, -5.0]","[-0.0, 0.0, -0.0]","[0.0, -0.0, -0.0]","[0.6138052605092548, 0.0, 0.0]","[0.6138052344322205, 0.0, 0.0]","[7.05876049585643, 0.0, 0.0]","[7.178400504260776, 0.0, 0.0]","[0.0, 0.0, 0.0]","[7.178400000000001, 0.0, -0.0]","[7.178400504260776, 0.0, 0.0]","[0.01023008695652174, 0.0, 0.0]",7.186324695040991e-10,0.9833333333333333,False,1.0000000702469598,"[1.0000000702469598, 1.0000001058486983, 0.9999998564274689, 1.0000000727953815, 1.000000044919778, 1.0000003566325824, 1.000000002314203, 1.0000000780740046]",0.0,False,1.3411044269551198e-07,2.3085462569349957e-09
current_x_0.4,1,60,0,3.0166666666666666,0.016666666666666607,"[0.4, 0, 0]","[0.0, -0.0, 0.0]","[0.04092035070061684, -0.0, 0.0]","[0.0006820058915764093, -0.0, -5.0]","[-0.0, 0.0, -0.0]","[0.0, -0.0, -0.0]","[2.455221042037019, 0.0, 0.0]","[2.455220937728882, 0.0, 0.0]","[28.23504198342572, 0.0, 0.0]","[28.713602017043105, 0.0, 0.0]","[0.0, 0.0, 0.0]","[28.713600000000003, 0.0, -0.0]","[28.713602017043105, 0.0, 0.0]","[0.04092034782608696, 0.0, 0.0]",2.8745298780163964e-09,0.9833333333333333,False,1.0000000702469598,"[1.0000000702469598, 0.9999999935664337, 0.9999999636367591, 1.0000002052578476, 0.9999996640781172, 1.0000004888253307, 0.9999997788936434, 1.0000001604357491]",0.0,False,5.96046450973553e-07,8.535804202347563e-09
current_x_0.8,1,60,0,3.1666666666666665,0.016666666666666607,"[0.8, 0, 0]","[0.0, -0.0, 0.0]","[0.16368140280246735, -0.0, 0.0]","[0.0027280235663056374, -0.0, -5.0]","[-0.0, 0.0, -0.0]","[0.0, -0.0, -0.0]","[9.820884168148076, 0.0, 0.0]","[9.820883750915527, 0.0, 0.0]","[112.94016793370288, 0.0, 0.0]","[114.85440806817242, 0.0, 0.0]","[0.0, 0.0, 0.0]","[114.85440000000001, 0.0, -0.0]","[114.85440806817242, 0.0, 0.0]","[0.16368139130434783, 0.0, 0.0]",1.1498119512065585e-08,0.9833333333333333,False,1.0000000702469598,"[1.0000000702469598, 0.9999998919133535, 1.0000002825018144, 0.9999998575247357, 1.000000137281765, 1.0000002747801993, 1.0000000551970756, 1.0000000144064298]",0.0,False,1.3113020891353244e-06,2.0717958459925967e-08
current_x_negative,1,60,0,3.316666666666667,0.01666666666666705,"[-0.4, 0, 0]","[0.0, -0.0, 0.0]","[-0.04092035070061684, -0.0, 0.0]","[-0.0006820058915764093, -0.0, -5.0]","[-0.0, 0.0, -0.0]","[0.0, -0.0, -0.0]","[-2.4552210420369533, 0.0, 0.0]","[-2.455220937728882, 0.0, 0.0]","[-28.235041983424964, 0.0, 0.0]","[-28.713602017042337, 0.0, 0.0]","[0.0, 0.0, 0.0]","[-28.713600000000003, 0.0, -0.0]","[-28.713602017042337, 0.0, 0.0]","[-0.04092034782608696, 0.0, 0.0]",2.8745298780163964e-09,0.9833333333333333,False,1.000000070246933,"[1.000000070246933, 0.9999999935664337, 0.9999999636367591, 1.0000002052578743, 0.9999996640781172, 1.0000004888253307, 0.9999997788936434, 1.0000001604357491]",0.0,False,5.96046450973553e-07,8.535804202347563e-09
current_1_-1,1,60,0,3.466666666666667,0.016666666666666607,"[0, -0.4, 0]","[0.0, -0.0, 0.0]","[0.0, -0.04092035070061684, 0.0]","[0.0, -0.0006820058915764093, -5.0]","[-0.0, 0.0, -0.0]","[0.0, -0.0, -0.0]","[0.0, -2.455221042037019, 0.0]","[0.0, -2.455220937728882, 0.0]","[0.0, -28.23504198342572, 0.0]","[0.0, -28.713602017043105, 0.0]","[0.0, 0.0, 0.0]","[-0.0, -28.713600000000003, -0.0]","[0.0, -28.713602017043105, 0.0]","[0.0, -0.04092034782608696, 0.0]",2.8745298780163964e-09,0.9833333333333333,False,1.0000000702469598,"[1.0000000702469598, 0.9999999935664337, 0.9999999636367591, 1.0000002052578743, 0.9999996640781172, 1.0000004888253307, 0.9999997788936167, 1.0000001604357491]",0.0,False,5.96046450973553e-07,8.535804202347563e-09
current_1_1,1,60,0,3.6166666666666667,0.016666666666666607,"[0, 0.4, 0]","[0.0, -0.0, 0.0]","[0.0, 0.04092035070061684, 0.0]","[0.0, 0.0006820058915764093, -5.0]","[-0.0, 0.0, -0.0]","[0.0, -0.0, -0.0]","[0.0, 2.455221042037019, 0.0]","[0.0, 2.455220937728882, 0.0]","[0.0, 28.23504198342572, 0.0]","[0.0, 28.713602017043105, 0.0]","[0.0, 0.0, 0.0]","[-0.0, 28.713600000000003, -0.0]","[0.0, 28.713602017043105, 0.0]","[0.0, 0.04092034782608696, 0.0]",2.8745298780163964e-09,0.9833333333333333,False,1.0000000702469598,"[1.0000000702469598, 0.9999999935664337, 0.9999999636367591, 1.0000002052578743, 0.9999996640781172, 1.000000488825304, 0.9999997788936434, 1.0000001604357491]",0.0,False,5.960464267706911e-07,8.535804202347563e-09
current_2_-1,1,60,0,3.7666666666666666,0.016666666666666607,"[0, 0, -0.4]","[0.0, -0.0, 0.0]","[0.0, -0.0, -0.04092035070061684]","[0.0, -0.0, -5.0006818771362305]","[-0.0, 0.0, -0.0]","[0.0, -0.0, -0.0]","[0.0, 0.0, -2.455221042037019]","[0.0, 0.0, -2.455220937728882]","[0.0, 0.0, -28.23504198342572]","[0.0, 0.0, -28.713602017043105]","[0.0, 0.0, 0.0]","[-0.0, 0.0, -28.713600000000003]","[0.0, 0.0, -28.713602017043105]","[0.0, 0.0, -0.04092034782608696]",2.8745298780163964e-09,0.9833333333333333,False,1.0000000702469598,"[1.0000000702469598, 0.9999999935664337, 0.9999999636367591, 1.0000002052578476, 0.9999996640781172, 1.0000004888253307, 0.9999997788936434, 1.0000001604357491]",0.0,False,5.96046450973553e-07,8.535804202347563e-09
current_2_1,1,60,0,3.9166666666666665,0.016666666666666607,"[0, 0, 0.4]","[0.0, -0.0, 0.0]","[0.0, -0.0, 0.04092035070061684]","[0.0, -0.0, -4.999317646026611]","[-0.0, 0.0, -0.0]","[0.0, -0.0, -0.0]","[0.0, 0.0, 2.455221042037019]","[0.0, 0.0, 2.455220937728882]","[0.0, 0.0, 28.23504198342572]","[0.0, 0.0, 28.713602017043105]","[0.0, 0.0, 0.0]","[-0.0, 0.0, 28.713600000000003]","[0.0, 0.0, 28.713602017043105]","[0.0, 0.0, 0.04092034782608696]",2.8745298780163964e-09,0.9833333333333333,False,1.0000000702469598,"[1.0000000702469598, 0.9999999935664337, 0.9999999636367324, 1.0000002052578743, 0.9999996640781172, 1.0000004888253307, 0.9999997788936434, 1.0000001604357491]",0.0,False,5.96046450973553e-07,8.535804202347563e-09
yaw90_world_current,1,60,0,4.066666666666666,0.016666666666666607,"[0.4, 0, 0]","[0.0, -0.0, 0.0]","[0.04092035070061684, -0.0, 0.0]","[0.0006820058915764093, -3.3306689994292145e-18, -5.0]","[-0.0, 0.0, -0.0]","[0.0, -0.0, 90.00000762939453]","[2.455221042037019, 0.0, 0.0]","[2.455220937728882, 0.0, 0.0]","[28.23504198342572, 0.0, 0.0]","[28.713602017043105, 0.0, 0.0]","[0.0, 0.0, 0.0]","[28.713600000000003, 0.0, -0.0]","[28.713602017043105, 0.0, 0.0]","[0.04092034782608696, 0.0, 0.0]",2.8745298780163964e-09,0.9833333333333333,False,1.0000000702469598,"[1.0000000702469598, 0.9999999935664337, 0.9999999636367591, 1.0000002052578743, 0.999999664078064, 1.0000004888253307, 0.9999997788936434, 1.0000001604357491]",0.0,False,5.96046450973553e-07,8.535804202347563e-09
thrust_0_10N,1,60,0,4.216666666666667,0.016666666666666607,"[0, 0, 0]","[0.0, -0.0, 0.0]","[0.014251207932829857, -0.0, 0.0]","[0.00023752014385536313, -0.0, -5.0]","[-0.0, 0.0, -0.0]","[0.0, -0.0, -0.0]","[0.8550724759697944, 0.0, 0.0]","[0.8550724387168884, 0.0, 0.0]","[9.833333473652635, 0.0, 0.0]","[10.000000142697598, 0.0, 0.0]","[10, 0.0, 0.0]","[-0.0, 0.0, -0.0]","[1.426975977381062e-07, 0.0, 0.0]","[0.014251207729468597, 0.0, 0.0]",2.0336126012321376e-10,0.9833333333333333,False,,"[null, 0.9999940407412669, 1.0000016173860282, 0.999996155301268, 1.0000013208413328, 1.0000003119308074, 0.9999980979465258, 0.9999992710491838]",0.0,False,2.0861625915635784e-07,3.068841791797894e-09
thrust_1_10N,1,60,0,4.366666666666666,0.016666666666666607,"[0, 0, 0]","[0.0, -0.0, 0.0]","[0.0, 0.014251207932829857, 0.0]","[0.0, 0.00023752014385536313, -5.0]","[-0.0, -1.1152601195830025e-22, 7.308968719699165e-18]","[0.0, -0.0, -0.0]","[0.0, 0.8550724759697944, 0.0]","[0.0, 0.8550724387168884, 0.0]","[0.0, 9.833333473652635, 0.0]","[0.0, 10.000000142697598, 0.0]","[0.0, 10, 0.0]","[-0.0, 0.0, -0.0]","[0.0, 1.426975977381062e-07, 0.0]","[0.0, 0.014251207729468597, 0.0]",2.0336126012321376e-10,0.9833333333333333,False,,"[null, 0.9999940407558393, 1.0000016173860282, 0.999996155301268, 1.0000013208413328, 1.0000003119308074, 0.9999980979465258, 0.9999992710491838]",5.597657598712106e-17,False,2.0861625915635784e-07,3.068841791797894e-09
thrust_2_10N,1,60,0,4.516666666666667,0.016666666666666607,"[0, 0, 0]","[0.0, -0.0, 0.0]","[0.0, -0.0, 0.014251207932829857]","[0.0, -0.0, -4.999762535095215]","[-0.0, 2.498182708255604e-20, -0.0]","[0.0, -0.0, -0.0]","[0.0, 0.0, 0.8550724759697944]","[0.0, 0.0, 0.8550724387168884]","[0.0, 0.0, 9.833333473652635]","[0.0, 0.0, 10.000000142697598]","[0.0, 0.0, 10]","[-0.0, 0.0, -0.0]","[0.0, 0.0, 1.426975977381062e-07]","[0.0, 0.0, 0.014251207729468597]",2.0336126012321376e-10,0.9833333333333333,False,,"[null, 0.9999940407412669, 1.0000016173860282, 0.999996155301268, 1.0000013208413328, 1.0000003119308074, 0.9999980979465258, 0.9999992710494915]",1.9132617774987346e-19,False,2.0861625915635784e-07,3.068841791797894e-09
gravity_air,1,60,0,4.666666666666667,0.016666666666666607,"[0, 0, 0]","[0, 0, 0]","[0.0, -0.0, -0.1606111228466034]","[0.0, -0.0, 19.99732208251953]","[-0.0, 0.0, -0.0]","[0.0, -0.0, -0.0]","[0.0, -0.0, -9.636667370796237]","[0.0, 0.0, -9.636667251586914]","[0.0, -0.0, -110.82167476415673]","[0.0, -0.0, -112.70000823473568]","[0.0, 0.0, 0.0]","[0, 0, 0]","[0.0, -0.0, -8.234735673795512e-06]","[0.0, 0.0, -0.1606111111111111]",1.1735492300157802e-08,0.9833333333333333,False,,"[null, null, null, null, null, null, null, null]",0.0,False,5.722045868239434e-06,9.157922531422003e-08
moving_zero_current,1,60,0,4.816666666666666,0.016666666666666607,"[0, 0, 0]","[0.3933333158493042, -0.0, 0.0]","[0.3472100794315338, -0.0, 0.0]","[0.012342390604317188, -0.0, -5.0]","[-0.0, 0.0, -0.0]","[0.0, -0.0, -0.0]","[-2.767394185066233, 0.0, 0.0]","[-2.767395496368408, 0.0, 0.0]","[-31.82503312826168, 0.0, 0.0]","[-27.764440673892878, 0.0, 0.0]","[0.0, 0.0, 0.0]","[-27.764453531688744, 0.0, -0.0]","[-27.764440673892878, 0.0, 0.0]","[0.3472100611076217, 0.0, 0.0]",1.8323912109874385e-08,0.9833333333333333,False,0.9999995368972111,"[0.9999995368972111, 1.0000003474959602, 1.0000005401100127, 1.0000002047248857, 0.9999992991628256, 0.9999997677960155, 1.0000009075049696, 1.0000002018075083]",0.0,False,1.3113021752886311e-06,1.8323912109874385e-08
moving_matched_current,1,60,0,4.966666666666667,0.016666666666666607,"[0.3933333158493042, -0.0, 0.0]","[0.3933333158493042, -0.0, 0.0]","[0.38677778840065, -0.0, 0.0]","[0.013001852668821812, -0.0, -5.0]","[-0.0, 0.0, -0.0]","[0.0, -0.0, -0.0]","[-0.3933316469192519, 0.0, 0.0]","[-0.3933333158493042, 0.0, 0.0]","[-4.523313939571397, 0.0, 0.0]","[1.9517995541451573e-05, 0.0, 0.0]","[0.0, 0.0, 0.0]","[-0.0, -0.0, -0.0]","[1.9517995541451573e-05, 0.0, 0.0]","[0.3867777605851491, 0.0, 0.0]",2.781550090258378e-08,0.9833333333333333,False,,"[null, 0.9973484071949636, 1.0004565573113682, 0.9999518450892819, 1.0000220319700535, 1.000030731358581, 0.999963624635465, 1.000023261648137]",0.0,False,1.7583370222618022e-06,2.914348246063625e-08
neutral_zero,2,60,0,5.116666666666666,0.016666666666666607,"[0, 0, 0]","[0.0, -0.0, 0.0]","[0.0, -0.0, 0.0]","[0.0, -0.0, -5.0]","[-0.0, 0.0, -0.0]","[0.0, -0.0, -0.0]","[0.0, 0.0, 0.0]","[0.0, 0.0, 0.0]","[0.0, 0.0, 0.0]","[0.0, 0.0, 0.0]","[0.0, 0.0, 0.0]","[-0.0, 0.0, -0.0]","[0.0, 0.0, 0.0]","[0.0, 0.0, 0.0]",0.0,0.9833333333333333,False,,"[null, null, null, null, null, null, null, null]",0.0,False,0.0,0.0
current_x_0.1,2,60,0,5.266666666666667,0.016666666666666607,"[0.1, 0, 0]","[0.0, -0.0, 0.0]","[0.0025575219187885523, -0.0, 0.0]","[4.2625368223525584e-05, -0.0, -5.0]","[-0.0, 0.0, -0.0]","[0.0, -0.0, -0.0]","[0.1534513151273137, 0.0, 0.0]","[0.15345130860805511, 0.0, 0.0]","[1.7646901239641075, 0.0, 0.0]","[1.794600126065194, 0.0, 0.0]","[0.0, 0.0, 0.0]","[1.7946000000000002, 0.0, -0.0]","[1.794600126065194, 0.0, 0.0]","[0.002557521739130435, 0.0, 0.0]",1.7965811737602477e-10,0.9833333333333333,False,1.0000000702469598,"[1.0000000702469598, 1.000000099505361, 1.0000000347749856, 1.0000001362573654, 0.9999997677422797, 1.0000001504556428, 1.0000002452321348, 0.9999997027300741]",0.0,False,3.3527617501749596e-08,5.524792567879189e-10
current_x_0.2,2,60,0,5.416666666666667,0.016666666666666607,"[0.2, 0, 0]","[0.0, -0.0, 0.0]","[0.01023008767515421, -0.0, 0.0]","[0.00017050147289410233, -0.0, -5.0]","[-0.0, 0.0, -0.0]","[0.0, -0.0, -0.0]","[0.6138052605092548, 0.0, 0.0]","[0.6138052344322205, 0.0, 0.0]","[7.05876049585643, 0.0, 0.0]","[7.178400504260776, 0.0, 0.0]","[0.0, 0.0, 0.0]","[7.178400000000001, 0.0, -0.0]","[7.178400504260776, 0.0, 0.0]","[0.01023008695652174, 0.0, 0.0]",7.186324695040991e-10,0.9833333333333333,False,1.0000000702469598,"[1.0000000702469598, 1.0000001058486983, 0.9999998564274689, 1.0000000727953815, 1.000000044919778, 1.000000356632609, 1.000000002314203, 1.0000000780740046]",0.0,False,1.3411045196587423e-07,2.3085462569349957e-09
current_x_0.4,2,60,0,5.566666666666666,0.016666666666666607,"[0.4, 0, 0]","[0.0, -0.0, 0.0]","[0.04092035070061684, -0.0, 0.0]","[0.0006820058915764093, -0.0, -5.0]","[-0.0, 0.0, -0.0]","[0.0, -0.0, -0.0]","[2.455221042037019, 0.0, 0.0]","[2.455220937728882, 0.0, 0.0]","[28.23504198342572, 0.0, 0.0]","[28.713602017043105, 0.0, 0.0]","[0.0, 0.0, 0.0]","[28.713600000000003, 0.0, -0.0]","[28.713602017043105, 0.0, 0.0]","[0.04092034782608696, 0.0, 0.0]",2.8745298780163964e-09,0.9833333333333333,False,1.0000000702469598,"[1.0000000702469598, 0.9999999935664337, 0.9999999636367591, 1.0000002052578743, 0.999999664078064, 1.0000004888253307, 0.9999997788936434, 1.0000001604357491]",0.0,False,5.96046450973553e-07,8.535804202347563e-09
current_x_0.8,2,60,0,5.716666666666667,0.016666666666666607,"[0.8, 0, 0]","[0.0, -0.0, 0.0]","[0.16368140280246735, -0.0, 0.0]","[0.0027280235663056374, -0.0, -5.0]","[-0.0, 0.0, -0.0]","[0.0, -0.0, -0.0]","[9.820884168148076, 0.0, 0.0]","[9.820883750915527, 0.0, 0.0]","[112.94016793370288, 0.0, 0.0]","[114.85440806817242, 0.0, 0.0]","[0.0, 0.0, 0.0]","[114.85440000000001, 0.0, -0.0]","[114.85440806817242, 0.0, 0.0]","[0.16368139130434783, 0.0, 0.0]",1.1498119512065585e-08,0.9833333333333333,False,1.0000000702469598,"[1.0000000702469598, 0.9999998919133535, 1.000000282501841, 0.9999998575247357, 1.000000137281765, 1.0000002747801993, 1.0000000551970756, 1.0000000144064298]",0.0,False,1.3113022001576269e-06,2.0717958459925967e-08
current_x_negative,2,60,0,5.866666666666666,0.016666666666666607,"[-0.4, 0, 0]","[0.0, -0.0, 0.0]","[-0.04092035070061684, -0.0, 0.0]","[-0.0006820058915764093, -0.0, -5.0]","[-0.0, 0.0, -0.0]","[0.0, -0.0, -0.0]","[-2.455221042037019, 0.0, 0.0]","[-2.455220937728882, 0.0, 0.0]","[-28.23504198342572, 0.0, 0.0]","[-28.713602017043105, 0.0, 0.0]","[0.0, 0.0, 0.0]","[-28.713600000000003, 0.0, -0.0]","[-28.713602017043105, 0.0, 0.0]","[-0.04092034782608696, 0.0, 0.0]",2.8745298780163964e-09,0.9833333333333333,False,1.0000000702469598,"[1.0000000702469598, 0.9999999935663801, 0.9999999636367591, 1.0000002052578743, 0.9999996640781172, 1.0000004888253307, 0.9999997788936434, 1.0000001604357491]",0.0,False,5.96046450973553e-07,8.535804202347563e-09
current_1_-1,2,60,0,6.016666666666667,0.016666666666666607,"[0, -0.4, 0]","[0.0, -0.0, 0.0]","[0.0, -0.04092035070061684, 0.0]","[0.0, -0.0006820058915764093, -5.0]","[-0.0, 0.0, -0.0]","[0.0, -0.0, -0.0]","[0.0, -2.455221042037019, 0.0]","[0.0, -2.455220937728882, 0.0]","[0.0, -28.23504198342572, 0.0]","[0.0, -28.713602017043105, 0.0]","[0.0, 0.0, 0.0]","[-0.0, -28.713600000000003, -0.0]","[0.0, -28.713602017043105, 0.0]","[0.0, -0.04092034782608696, 0.0]",2.8745298780163964e-09,0.9833333333333333,False,1.0000000702469598,"[1.0000000702469598, 0.9999999935664337, 0.9999999636367591, 1.0000002052578743, 0.9999996640781172, 1.0000004888253307, 0.9999997788936434, 1.000000160435696]",0.0,False,5.96046450973553e-07,8.535804202347563e-09
current_1_1,2,60,0,6.166666666666667,0.016666666666666607,"[0, 0.4, 0]","[0.0, -0.0, 0.0]","[0.0, 0.04092035070061684, 0.0]","[0.0, 0.0006820058915764093, -5.0]","[-0.0, 0.0, -0.0]","[0.0, -0.0, -0.0]","[0.0, 2.455221042037019, 0.0]","[0.0, 2.455220937728882, 0.0]","[0.0, 28.23504198342572, 0.0]","[0.0, 28.713602017043105, 0.0]","[0.0, 0.0, 0.0]","[-0.0, 28.713600000000003, -0.0]","[0.0, 28.713602017043105, 0.0]","[0.0, 0.04092034782608696, 0.0]",2.8745298780163964e-09,0.9833333333333333,False,1.0000000702469598,"[1.0000000702469598, 0.9999999935664337, 0.9999999636367591, 1.0000002052578743, 0.9999996640781172, 1.0000004888253307, 0.9999997788936434, 1.0000001604357491]",0.0,False,5.96046450973553e-07,8.535804202347563e-09
current_2_-1,2,60,0,6.316666666666666,0.016666666666666607,"[0, 0, -0.4]","[0.0, -0.0, 0.0]","[0.0, -0.0, -0.04092035070061684]","[0.0, -0.0, -5.0006818771362305]","[-0.0, 0.0, -0.0]","[0.0, -0.0, -0.0]","[0.0, 0.0, -2.455221042037019]","[0.0, 0.0, -2.455220937728882]","[0.0, 0.0, -28.23504198342572]","[0.0, 0.0, -28.713602017043105]","[0.0, 0.0, 0.0]","[-0.0, 0.0, -28.713600000000003]","[0.0, 0.0, -28.713602017043105]","[0.0, 0.0, -0.04092034782608696]",2.8745298780163964e-09,0.9833333333333333,False,1.0000000702469598,"[1.0000000702469598, 0.9999999935664337, 0.9999999636367591, 1.0000002052578743, 0.999999664078064, 1.0000004888253307, 0.9999997788936434, 1.0000001604357491]",0.0,False,5.96046450973553e-07,8.535804202347563e-09
current_2_1,2,60,0,6.466666666666667,0.016666666666666607,"[0, 0, 0.4]","[0.0, -0.0, 0.0]","[0.0, -0.0, 0.04092035070061684]","[0.0, -0.0, -4.999317646026611]","[-0.0, 0.0, -0.0]","[0.0, -0.0, -0.0]","[0.0, 0.0, 2.455221042037019]","[0.0, 0.0, 2.455220937728882]","[0.0, 0.0, 28.23504198342572]","[0.0, 0.0, 28.713602017043105]","[0.0, 0.0, 0.0]","[-0.0, 0.0, 28.713600000000003]","[0.0, 0.0, 28.713602017043105]","[0.0, 0.0, 0.04092034782608696]",2.8745298780163964e-09,0.9833333333333333,False,1.0000000702469598,"[1.0000000702469598, 0.9999999935664337, 0.9999999636367591, 1.0000002052578743, 0.9999996640781172, 1.0000004888253307, 0.9999997788936434, 1.0000001604357491]",0.0,False,5.96046450973553e-07,8.535804202347563e-09
yaw90_world_current,2,60,0,6.616666666666666,0.016666666666666607,"[0.4, 0, 0]","[0.0, -0.0, 0.0]","[0.04092035070061684, -0.0, 0.0]","[0.0006820058915764093, -3.3306689994292145e-18, -5.0]","[-0.0, 0.0, -0.0]","[0.0, -0.0, 90.00000762939453]","[2.455221042037019, 0.0, 0.0]","[2.455220937728882, 0.0, 0.0]","[28.23504198342572, 0.0, 0.0]","[28.713602017043105, 0.0, 0.0]","[0.0, 0.0, 0.0]","[28.713600000000003, 0.0, -0.0]","[28.713602017043105, 0.0, 0.0]","[0.04092034782608696, 0.0, 0.0]",2.8745298780163964e-09,0.9833333333333333,False,1.0000000702469598,"[1.0000000702469598, 0.9999999935663801, 0.9999999636367591, 1.0000002052578743, 0.9999996640781172, 1.0000004888253307, 0.9999997788936434, 1.0000001604357491]",0.0,False,5.96046450973553e-07,8.535804202347563e-09
thrust_0_10N,2,60,0,6.766666666666667,0.016666666666666607,"[0, 0, 0]","[0.0, -0.0, 0.0]","[0.014251207932829857, -0.0, 0.0]","[0.00023752014385536313, -0.0, -5.0]","[-0.0, 0.0, -0.0]","[0.0, -0.0, -0.0]","[0.8550724759697944, 0.0, 0.0]","[0.8550724387168884, 0.0, 0.0]","[9.833333473652635, 0.0, 0.0]","[10.000000142697598, 0.0, 0.0]","[10, 0.0, 0.0]","[-0.0, 0.0, -0.0]","[1.426975977381062e-07, 0.0, 0.0]","[0.014251207729468597, 0.0, 0.0]",2.0336126012321376e-10,0.9833333333333333,False,,"[null, 0.9999940407412669, 1.0000016173860282, 0.999996155301268, 1.0000013208413328, 1.0000003119308074, 0.9999980979465258, 0.9999992710494915]",0.0,False,2.0861625915635784e-07,3.068841791797894e-09
thrust_1_10N,2,60,0,6.916666666666667,0.016666666666666607,"[0, 0, 0]","[0.0, -0.0, 0.0]","[0.0, 0.014251207932829857, 0.0]","[0.0, 0.00023752014385536313, -5.0]","[-0.0, -1.1152601195830025e-22, 7.308968719699165e-18]","[0.0, -0.0, -0.0]","[0.0, 0.8550724759697944, 0.0]","[0.0, 0.8550724387168884, 0.0]","[0.0, 9.833333473652635, 0.0]","[0.0, 10.000000142697598, 0.0]","[0.0, 10, 0.0]","[-0.0, 0.0, -0.0]","[0.0, 1.426975977381062e-07, 0.0]","[0.0, 0.014251207729468597, 0.0]",2.0336126012321376e-10,0.9833333333333333,False,,"[null, 0.9999940407412669, 1.0000016173860282, 0.999996155301268, 1.0000013208413328, 1.0000003119308074, 0.9999980979465258, 0.9999992710491838]",5.597657598712106e-17,False,2.0861625915635784e-07,3.068841791797894e-09
thrust_2_10N,2,60,0,7.066666666666666,0.016666666666666607,"[0, 0, 0]","[0.0, -0.0, 0.0]","[0.0, -0.0, 0.014251207932829857]","[0.0, -0.0, -4.999762535095215]","[-0.0, 2.498182708255604e-20, -0.0]","[0.0, -0.0, -0.0]","[0.0, 0.0, 0.8550724759697944]","[0.0, 0.0, 0.8550724387168884]","[0.0, 0.0, 9.833333473652635]","[0.0, 0.0, 10.000000142697598]","[0.0, 0.0, 10]","[-0.0, 0.0, -0.0]","[0.0, 0.0, 1.426975977381062e-07]","[0.0, 0.0, 0.014251207729468597]",2.0336126012321376e-10,0.9833333333333333,False,,"[null, 0.9999940407412669, 1.0000016173860282, 0.999996155301268, 1.0000013208422656, 1.0000003119308074, 0.9999980979465258, 0.9999992710491838]",1.9132617774987346e-19,False,2.0861625915635784e-07,3.068841791797894e-09
gravity_air,2,60,0,7.216666666666667,0.016666666666666607,"[0, 0, 0]","[0, 0, 0]","[0.0, -0.0, -0.1606111228466034]","[0.0, -0.0, 19.99732208251953]","[-0.0, 0.0, -0.0]","[0.0, -0.0, -0.0]","[0.0, -0.0, -9.636667370796237]","[0.0, 0.0, -9.636667251586914]","[0.0, -0.0, -110.82167476415673]","[0.0, -0.0, -112.70000823473568]","[0.0, 0.0, 0.0]","[0, 0, 0]","[0.0, -0.0, -8.234735673795512e-06]","[0.0, 0.0, -0.1606111111111111]",1.1735492300157802e-08,0.9833333333333333,False,,"[null, null, null, null, null, null, null, null]",0.0,False,5.722045868239434e-06,9.157922531422003e-08
moving_zero_current,2,60,0,7.366666666666666,0.016666666666666607,"[0, 0, 0]","[0.3933333158493042, -0.0, 0.0]","[0.3472100794315338, -0.0, 0.0]","[0.012342390604317188, -0.0, -5.0]","[-0.0, 0.0, -0.0]","[0.0, -0.0, -0.0]","[-2.767394185066233, 0.0, 0.0]","[-2.767395496368408, 0.0, 0.0]","[-31.82503312826168, 0.0, 0.0]","[-27.764440673892878, 0.0, 0.0]","[0.0, 0.0, 0.0]","[-27.764453531688744, 0.0, -0.0]","[-27.764440673892878, 0.0, 0.0]","[0.3472100611076217, 0.0, 0.0]",1.8323912109874385e-08,0.9833333333333333,False,0.9999995368972111,"[0.9999995368972111, 1.000000347495907, 1.0000005401100127, 1.0000002047248857, 0.9999992991628791, 0.9999997677960155, 1.0000009075049696, 1.0000002018075083]",0.0,False,1.3113021752886311e-06,1.8323912109874385e-08
moving_matched_current,2,60,0,7.516666666666667,0.016666666666666607,"[0.3933333158493042, -0.0, 0.0]","[0.3933333158493042, -0.0, 0.0]","[0.38677778840065, -0.0, 0.0]","[0.013001852668821812, -0.0, -5.0]","[-0.0, 0.0, -0.0]","[0.0, -0.0, -0.0]","[-0.3933316469192519, 0.0, 0.0]","[-0.3933333158493042, 0.0, 0.0]","[-4.523313939571397, 0.0, 0.0]","[1.9517995541451573e-05, 0.0, 0.0]","[0.0, 0.0, 0.0]","[-0.0, -0.0, -0.0]","[1.9517995541451573e-05, 0.0, 0.0]","[0.3867777605851491, 0.0, 0.0]",2.781550090258378e-08,0.9833333333333333,False,,"[null, 0.9973484071949636, 1.0004565573113682, 0.9999518450892819, 1.0000220319700535, 1.000030731358581, 0.999963624635465, 1.0000232616480837]",0.0,False,1.7583370222618022e-06,2.914348246063625e-08
neutral_zero,0,100,0,0.01,0.01,"[0, 0, 0]","[0.0, -0.0, 0.0]","[0.0, -0.0, 0.0]","[0.0, -0.0, -5.0]","[-0.0, 0.0, -0.0]","[0.0, -0.0, -0.0]","[0.0, 0.0, 0.0]","[0.0, 0.0, 0.0]","[0.0, 0.0, 0.0]","[0.0, 0.0, 0.0]","[0.0, 0.0, 0.0]","[-0.0, 0.0, -0.0]","[0.0, 0.0, 0.0]","[0.0, 0.0, 0.0]",0.0,0.99,False,,"[null, null, null, null, null, null, null, null]",0.0,False,0.0,0.0
current_x_0.1,0,100,0,0.1,0.010000000000000009,"[0.1, 0, 0]","[0.0, -0.0, 0.0]","[0.0015449165366590023, -0.0, 0.0]","[1.544916449347511e-05, -0.0, -5.0]","[-0.0, 0.0, -0.0]","[0.0, -0.0, -0.0]","[0.1544916536659001, 0.0, 0.0]","[0.15449164807796478, 0.0, 0.0]","[1.776654017157851, 0.0, 0.0]","[1.7946000173311627, 0.0, 0.0]","[0.0, 0.0, 0.0]","[1.7946000000000002, 0.0, -0.0]","[1.7946000173311627, 0.0, 0.0]","[0.0015449165217391308, 0.0, 0.0]",1.4919871544824548e-11,0.99,False,1.0000000096573958,"[1.0000000096573958, 0.9999999608188045, 0.9999998283529514, 1.0000002406464144, 0.9999996800306085, 0.9999998910440814, 1.000000476110874, 0.9999999124148979]",0.0,False,6.705522526129215e-08,6.173159813188667e-10
current_x_0.2,0,100,0,0.19,0.010000000000000009,"[0.2, 0, 0]","[0.0, -0.0, 0.0]","[0.006179666146636009, -0.0, 0.0]","[6.179665797390044e-05, -0.0, -5.0]","[-0.0, 0.0, -0.0]","[0.0, -0.0, -0.0]","[0.6179666146636004, 0.0, 0.0]","[0.6179665923118591, 0.0, 0.0]","[7.106616068631404, 0.0, 0.0]","[7.178400069324651, 0.0, 0.0]","[0.0, 0.0, 0.0]","[7.178400000000001, 0.0, -0.0]","[7.178400069324651, 0.0, 0.0]","[0.006179666086956523, 0.0, 0.0]",5.967948617929819e-11,0.99,False,1.0000000096573958,"[1.0000000096573958, 0.9999998968603357, 1.000000057195035, 0.9999998436263591, 0.999999948901512, 1.0000001340160356, 1.000000274090019, 0.9999998534814055]",0.0,False,1.3411045035605085e-07,1.2055277956446453e-09
current_x_0.4,0,100,0,0.28,0.010000000000000009,"[0.4, 0, 0]","[0.0, -0.0, 0.0]","[0.024718664586544037, -0.0, 0.0]","[0.00024718663189560175, -0.0, -5.0]","[-0.0, 0.0, -0.0]","[0.0, -0.0, -0.0]","[2.4718664586544015, 0.0, 0.0]","[2.4718663692474365, 0.0, 0.0]","[28.426464274525618, 0.0, 0.0]","[28.713600277298603, 0.0, 0.0]","[0.0, 0.0, 0.0]","[28.713600000000003, 0.0, -0.0]","[28.713600277298603, 0.0, 0.0]","[0.024718664347826092, 0.0, 0.0]",2.3871794471719276e-10,0.99,False,1.0000000096573958,"[1.0000000096573958, 0.9999998856182607, 0.999999872417026, 1.0000000886261537, 0.9999998030822771, 1.0000000718186473, 1.0000002265630885, 0.9999999175299876]",0.0,False,3.576278584382919e-07,3.0806947270978213e-09
current_x_0.8,0,100,0,0.37,0.010000000000000009,"[0.8, 0, 0]","[0.0, -0.0, 0.0]","[0.09887465834617615, -0.0, 0.0]","[0.000988746527582407, -0.0, -5.0]","[-0.0, 0.0, -0.0]","[0.0, -0.0, -0.0]","[9.887465834617606, 0.0, 0.0]","[9.887465476989746, 0.0, 0.0]","[113.70585709810247, 0.0, 0.0]","[114.85440110919441, 0.0, 0.0]","[0.0, 0.0, 0.0]","[114.85440000000001, 0.0, -0.0]","[114.85440110919441, 0.0, 0.0]","[0.09887465739130437, 0.0, 0.0]",9.54871778868771e-10,0.99,False,1.0000000096573958,"[1.0000000096573958, 0.999999863776203, 0.999999965511245, 0.9999999637015634, 1.000000113018854, 1.0000002226217222, 0.999999291058067, 1.000000556458389]",0.0,False,2.264976504129379e-06,2.2023687262784364e-08
current_x_negative,0,100,0,0.46,0.010000000000000009,"[-0.4, 0, 0]","[0.0, -0.0, 0.0]","[-0.024718664586544037, -0.0, 0.0]","[-0.00024718663189560175, -0.0, -5.0]","[-0.0, 0.0, -0.0]","[0.0, -0.0, -0.0]","[-2.4718664586544015, 0.0, 0.0]","[-2.4718663692474365, 0.0, 0.0]","[-28.426464274525618, 0.0, 0.0]","[-28.713600277298603, 0.0, 0.0]","[0.0, 0.0, 0.0]","[-28.713600000000003, 0.0, -0.0]","[-28.713600277298603, 0.0, 0.0]","[-0.024718664347826092, 0.0, 0.0]",2.3871794471719276e-10,0.99,False,1.0000000096573958,"[1.0000000096573958, 0.9999998856182607, 0.999999872417026, 1.0000000886261537, 0.9999998030822771, 1.0000000718186473, 1.0000002265630885, 0.9999999175299822]",0.0,False,3.576278584382919e-07,3.0806947270978213e-09
current_1_-1,0,100,0,0.55,0.010000000000000009,"[0, -0.4, 0]","[0.0, -0.0, 0.0]","[0.0, -0.024718664586544037, 0.0]","[0.0, -0.00024718663189560175, -5.0]","[-0.0, 0.0, -0.0]","[0.0, -0.0, -0.0]","[0.0, -2.4718664586544015, 0.0]","[0.0, -2.4718663692474365, 0.0]","[0.0, -28.426464274525618, 0.0]","[0.0, -28.713600277298603, 0.0]","[0.0, 0.0, 0.0]","[-0.0, -28.713600000000003, -0.0]","[0.0, -28.713600277298603, 0.0]","[0.0, -0.024718664347826092, 0.0]",2.3871794471719276e-10,0.99,False,1.0000000096573958,"[1.0000000096573958, 0.999999885618255, 0.9999998724170371, 1.0000000886261537, 0.9999998030822771, 1.0000000718186473, 1.0000002265630885, 0.9999999175299822]",0.0,False,3.576278704287006e-07,3.0806947270978213e-09
current_1_1,0,100,0,0.64,0.010000000000000009,"[0, 0.4, 0]","[0.0, -0.0, 0.0]","[0.0, 0.024718664586544037, 0.0]","[0.0, 0.00024718663189560175, -5.0]","[-0.0, 0.0, -0.0]","[0.0, -0.0, -0.0]","[0.0, 2.4718664586544015, 0.0]","[0.0, 2.4718663692474365, 0.0]","[0.0, 28.426464274525618, 0.0]","[0.0, 28.713600277298603, 0.0]","[0.0, 0.0, 0.0]","[-0.0, 28.713600000000003, -0.0]","[0.0, 28.713600277298603, 0.0]","[0.0, 0.024718664347826092, 0.0]",2.3871794471719276e-10,0.99,False,1.0000000096573958,"[1.0000000096573958, 0.999999885618255, 0.999999872417026, 1.0000000886261537, 0.9999998030822771, 1.0000000718186584, 1.0000002265630885, 0.9999999175299822]",0.0,False,3.576278704287006e-07,3.0806947270978213e-09
current_2_-1,0,100,0,0.73,0.010000000000000009,"[0, 0, -0.4]","[0.0, -0.0, 0.0]","[0.0, -0.0, -0.024718664586544037]","[0.0, -0.0, -5.000247001647949]","[-0.0, 0.0, -0.0]","[0.0, -0.0, -0.0]","[0.0, 0.0, -2.4718664586544015]","[0.0, 0.0, -2.4718663692474365]","[0.0, 0.0, -28.426464274525618]","[0.0, 0.0, -28.713600277298603]","[0.0, 0.0, 0.0]","[-0.0, 0.0, -28.713600000000003]","[0.0, 0.0, -28.713600277298603]","[0.0, 0.0, -0.024718664347826092]",2.3871794471719276e-10,0.99,False,1.0000000096573958,"[1.0000000096573958, 0.999999885618255, 0.999999872417026, 1.0000000886261537, 0.9999998030822771, 1.0000000718186473, 1.0000002265630885, 0.9999999175299822]",0.0,False,3.576278704287006e-07,3.0806947270978213e-09
current_2_1,0,100,0,0.82,0.009999999999999898,"[0, 0, 0.4]","[0.0, -0.0, 0.0]","[0.0, -0.0, 0.024718664586544037]","[0.0, -0.0, -4.999752521514893]","[-0.0, 0.0, -0.0]","[0.0, -0.0, -0.0]","[0.0, 0.0, 2.471866458654429]","[0.0, 0.0, 2.4718663692474365]","[0.0, 0.0, 28.426464274525934]","[0.0, 0.0, 28.713600277298923]","[0.0, 0.0, 0.0]","[-0.0, 0.0, 28.713600000000003]","[0.0, 0.0, 28.713600277298923]","[0.0, 0.0, 0.024718664347826092]",2.3871794471719276e-10,0.99,False,1.0000000096574069,"[1.0000000096574069, 0.999999885618255, 0.999999872417026, 1.0000000886261537, 0.9999998030822771, 1.0000000718186473, 1.0000002265630885, 0.9999999175299822]",0.0,False,3.576278704287006e-07,3.0806947270978213e-09
yaw90_world_current,0,100,0,0.91,0.010000000000000009,"[0.4, 0, 0]","[0.0, -0.0, 0.0]","[0.024718664586544037, -0.0, 0.0]","[0.00024718663189560175, -3.3306689994292145e-18, -5.0]","[-0.0, 0.0, -0.0]","[0.0, -0.0, 90.00000762939453]","[2.4718664586544015, 0.0, 0.0]","[2.4718663692474365, 0.0, 0.0]","[28.426464274525618, 0.0, 0.0]","[28.713600277298603, 0.0, 0.0]","[0.0, 0.0, 0.0]","[28.713600000000003, 0.0, -0.0]","[28.713600277298603, 0.0, 0.0]","[0.024718664347826092, 0.0, 0.0]",2.3871794471719276e-10,0.99,False,1.0000000096573958,"[1.0000000096573958, 0.999999885618255, 0.999999872417026, 1.0000000886261646, 0.9999998030822771, 1.0000000718186473, 1.0000002265630885, 0.9999999175299822]",0.0,False,3.576278704287006e-07,3.0806947270978213e-09
thrust_0_10N,0,100,0,1.0,0.010000000000000009,"[0, 0, 0]","[0.0, -0.0, 0.0]","[0.00860869511961937, -0.0, 0.0]","[8.608694770373404e-05, -0.0, -5.0]","[-0.0, 0.0, -0.0]","[0.0, -0.0, -0.0]","[0.8608695119619362, 0.0, 0.0]","[0.8608695268630981, 0.0, 0.0]","[9.899999387562266, 0.0, 0.0]","[9.999999381376027, 0.0, 0.0]","[10, 0.0, 0.0]","[-0.0, 0.0, -0.0]","[-6.186239733807497e-07, 0.0, 0.0]","[0.008608695652173913, 0.0, 0.0]",5.325545438666923e-10,0.99,False,,"[null, 0.9999836248030853, 1.0000132094430028, 1.0000044052894745, 1.000006386927109, 1.0000002693976957, 0.9999990105587198, 0.9999964482653405]",0.0,False,1.7881393366003806e-07,1.8146544961128441e-09
thrust_1_10N,0,100,0,1.09,0.010000000000000009,"[0, 0, 0]","[0.0, -0.0, 0.0]","[0.0, 0.00860869511961937, 0.0]","[0.0, 8.608694770373404e-05, -5.0]","[-0.0, -6.725441220526426e-23, 4.407585158284199e-18]","[0.0, -0.0, -0.0]","[0.0, 0.8608695119619362, 0.0]","[0.0, 0.8608695268630981, 0.0]","[0.0, 9.899999387562266, 0.0]","[0.0, 9.999999381376027, 0.0]","[0.0, 10, 0.0]","[-0.0, 0.0, -0.0]","[0.0, -6.186239733807497e-07, 0.0]","[0.0, 0.008608695652173913, 0.0]",5.325545438666923e-10,0.99,False,,"[null, 0.9999836248030853, 1.0000132094430028, 1.0000044052894745, 1.0000063869260412, 1.0000002693976957, 0.9999990105587198, 0.9999964482653405]",3.002340826023125e-17,False,1.7881393366003806e-07,1.8146544961128441e-09
thrust_2_10N,0,100,0,1.18,0.010000000000000009,"[0, 0, 0]","[0.0, -0.0, 0.0]","[0.0, -0.0, 0.00860869511961937]","[0.0, -0.0, -4.999913692474365]","[-0.0, 1.5064988132030803e-20, -0.0]","[0.0, -0.0, -0.0]","[0.0, 0.0, 0.8608695119619362]","[0.0, 0.0, 0.8608695268630981]","[0.0, 0.0, 9.899999387562266]","[0.0, 0.0, 9.999999381376027]","[0.0, 0.0, 10]","[-0.0, 0.0, -0.0]","[0.0, 0.0, -6.186239733807497e-07]","[0.0, 0.0, 0.008608695652173913]",5.325545438666923e-10,0.99,False,,"[null, 0.9999836248030853, 1.0000132094430028, 1.0000044052894745, 1.000006386927109, 1.0000002693976957, 0.9999990105587198, 0.9999964482653405]",1.1740326945390561e-19,False,1.7881393366003806e-07,1.8146544961128441e-09
gravity_air,0,100,0,1.27,0.010000000000000009,"[0, 0, 0]","[0, 0, 0]","[0.0, -0.0, -0.09702000021934509]","[0.0, -0.0, 19.9990291595459]","[-0.0, 0.0, -0.0]","[0.0, -0.0, -0.0]","[0.0, -0.0, -9.7020000219345]","[0.0, 0.0, -9.702000617980957]","[0.0, -0.0, -111.57300025224676]","[0.0, -0.0, -112.7000002547947]","[0.0, 0.0, 0.0]","[0, 0, 0]","[0.0, -0.0, -2.547946991171557e-07]","[0.0, 0.0, -0.09702000000000001]",2.1934508376286743e-10,0.99,False,,"[null, null, null, null, null, null, null, null]",0.0,False,2.6226043612354033e-06,2.7637481747611048e-08
moving_zero_current,0,100,0,1.36,0.010000000000000009,"[0, 0, 0]","[0.3959999978542328, -0.0, 0.0]","[0.36781322956085205, -0.0, 0.0]","[0.007638132199645042, -0.0, -5.0]","[-0.0, 0.0, -0.0]","[0.0, -0.0, -0.0]","[-2.818676829338071, 0.0, 0.0]","[-2.818676233291626, 0.0, 0.0]","[-32.41478353738782, 0.0, 0.0]","[-28.14220561824662, 0.0, 0.0]","[0.0, 0.0, 0.0]","[-28.14219905501713, 0.0, -0.0]","[-28.14220561824662, 0.0, 0.0]","[0.36781323521093656, 0.0, 0.0]",5.65008451136606e-09,0.99,False,1.0000002332166535,"[1.0000002332166535, 1.0000000784532859, 0.9999989415141882, 1.0000012610028373, 1.0000002712664238, 0.9999992485925487, 1.0000003243762048, 0.9999996337958271]",0.0,False,2.1457672101377057e-06,2.0149169943639578e-08
moving_matched_current,0,100,0,1.45,0.010000000000000009,"[0.3959999978542328, -0.0, 0.0]","[0.3959999978542328, -0.0, 0.0]","[0.3920399844646454, -0.0, 0.0]","[0.00788039993494749, -0.0, -5.0]","[-0.0, 0.0, -0.0]","[0.0, -0.0, -0.0]","[-0.3960013389587399, 0.0, 0.0]","[-0.3959999978542328, 0.0, 0.0]","[-4.554015398025509, 0.0, 0.0]","[-1.5578486720069215e-05, 0.0, 0.0]","[0.0, 0.0, 0.0]","[-0.0, -0.0, -0.0]","[-1.5578486720069215e-05, 0.0, 0.0]","[0.39203999787569044, 0.0, 0.0]",1.341104505225843e-08,0.99,False,,"[null, 1.0061251153892121, 1.001291365476287, 0.9991474955454897, 1.0000246939045, 1.0002273923758986, 1.000027897251444, 0.9999164380768839]",0.0,False,1.8477439877040425e-06,1.81822447098412e-08
neutral_zero,1,100,0,1.54,0.010000000000000009,"[0, 0, 0]","[0.0, -0.0, 0.0]","[0.0, -0.0, 0.0]","[0.0, -0.0, -5.0]","[-0.0, 0.0, -0.0]","[0.0, -0.0, -0.0]","[0.0, 0.0, 0.0]","[0.0, 0.0, 0.0]","[0.0, 0.0, 0.0]","[0.0, 0.0, 0.0]","[0.0, 0.0, 0.0]","[-0.0, 0.0, -0.0]","[0.0, 0.0, 0.0]","[0.0, 0.0, 0.0]",0.0,0.99,False,,"[null, null, null, null, null, null, null, null]",0.0,False,0.0,0.0
current_x_0.1,1,100,0,1.63,0.009999999999999787,"[0.1, 0, 0]","[0.0, -0.0, 0.0]","[0.0015449165366590023, -0.0, 0.0]","[1.544916449347511e-05, -0.0, -5.0]","[-0.0, 0.0, -0.0]","[0.0, -0.0, -0.0]","[0.15449165366590353, 0.0, 0.0]","[0.15449164807796478, 0.0, 0.0]","[1.7766540171578906, 0.0, 0.0]","[1.7946000173312024, 0.0, 0.0]","[0.0, 0.0, 0.0]","[1.7946000000000002, 0.0, -0.0]","[1.7946000173312024, 0.0, 0.0]","[0.0015449165217391308, 0.0, 0.0]",1.4919871544824548e-11,0.99,False,1.000000009657418,"[1.000000009657418, 0.9999999608188032, 0.9999998283529502, 1.0000002406464144, 0.9999996800306085, 0.9999998910440788, 1.000000476110874, 0.9999999124148979]",0.0,False,6.705522526129215e-08,6.173159813188667e-10
current_x_0.2,1,100,0,1.72,0.010000000000000009,"[0.2, 0, 0]","[0.0, -0.0, 0.0]","[0.006179666146636009, -0.0, 0.0]","[6.179665797390044e-05, -0.0, -5.0]","[-0.0, 0.0, -0.0]","[0.0, -0.0, -0.0]","[0.6179666146636004, 0.0, 0.0]","[0.6179665923118591, 0.0, 0.0]","[7.106616068631404, 0.0, 0.0]","[7.178400069324651, 0.0, 0.0]","[0.0, 0.0, 0.0]","[7.178400000000001, 0.0, -0.0]","[7.178400069324651, 0.0, 0.0]","[0.006179666086956523, 0.0, 0.0]",5.967948617929819e-11,0.99,False,1.0000000096573958,"[1.0000000096573958, 0.9999998968603357, 1.0000000571950323, 0.9999998436263591, 0.999999948901512, 1.0000001340160327, 1.000000274090019, 0.9999998534814055]",0.0,False,1.3411045035605085e-07,1.2055277956446453e-09
current_x_0.4,1,100,0,1.81,0.010000000000000009,"[0.4, 0, 0]","[0.0, -0.0, 0.0]","[0.024718664586544037, -0.0, 0.0]","[0.00024718663189560175, -0.0, -5.0]","[-0.0, 0.0, -0.0]","[0.0, -0.0, -0.0]","[2.4718664586544015, 0.0, 0.0]","[2.4718663692474365, 0.0, 0.0]","[28.426464274525618, 0.0, 0.0]","[28.713600277298603, 0.0, 0.0]","[0.0, 0.0, 0.0]","[28.713600000000003, 0.0, -0.0]","[28.713600277298603, 0.0, 0.0]","[0.024718664347826092, 0.0, 0.0]",2.3871794471719276e-10,0.99,False,1.0000000096573958,"[1.0000000096573958, 0.999999885618255, 0.999999872417026, 1.0000000886261537, 0.9999998030822771, 1.0000000718186473, 1.0000002265630885, 0.9999999175300043]",0.0,False,3.576278704287006e-07,3.0806947270978213e-09
current_x_0.8,1,100,0,1.9,0.010000000000000009,"[0.8, 0, 0]","[0.0, -0.0, 0.0]","[0.09887465834617615, -0.0, 0.0]","[0.000988746527582407, -0.0, -5.0]","[-0.0, 0.0, -0.0]","[0.0, -0.0, -0.0]","[9.887465834617606, 0.0, 0.0]","[9.887465476989746, 0.0, 0.0]","[113.70585709810247, 0.0, 0.0]","[114.85440110919441, 0.0, 0.0]","[0.0, 0.0, 0.0]","[114.85440000000001, 0.0, -0.0]","[114.85440110919441, 0.0, 0.0]","[0.09887465739130437, 0.0, 0.0]",9.54871778868771e-10,0.99,False,1.0000000096573958,"[1.0000000096573958, 0.999999863776203, 0.999999965511245, 0.9999999637015634, 1.0000001130188483, 1.0000002226217222, 0.999999291058067, 1.000000556458389]",0.0,False,2.264976504129379e-06,2.2023687262784364e-08
current_x_negative,1,100,0,1.99,0.010000000000000009,"[-0.4, 0, 0]","[0.0, -0.0, 0.0]","[-0.024718664586544037, -0.0, 0.0]","[-0.00024718663189560175, -0.0, -5.0]","[-0.0, 0.0, -0.0]","[0.0, -0.0, -0.0]","[-2.4718664586544015, 0.0, 0.0]","[-2.4718663692474365, 0.0, 0.0]","[-28.426464274525618, 0.0, 0.0]","[-28.713600277298603, 0.0, 0.0]","[0.0, 0.0, 0.0]","[-28.713600000000003, 0.0, -0.0]","[-28.713600277298603, 0.0, 0.0]","[-0.024718664347826092, 0.0, 0.0]",2.3871794471719276e-10,0.99,False,1.0000000096573958,"[1.0000000096573958, 0.999999885618255, 0.9999998724170482, 1.0000000886261315, 0.9999998030822991, 1.000000071818625, 1.000000226563111, 0.99999991752996]",0.0,False,3.576278704287006e-07,3.0806947270978213e-09
current_1_-1,1,100,0,2.08,0.010000000000000231,"[0, -0.4, 0]","[0.0, -0.0, 0.0]","[0.0, -0.024718664586544037, 0.0]","[0.0, -0.00024718663189560175, -5.0]","[-0.0, 0.0, -0.0]","[0.0, -0.0, -0.0]","[0.0, -2.4718664586543464, 0.0]","[0.0, -2.4718663692474365, 0.0]","[0.0, -28.426464274524985, 0.0]","[0.0, -28.713600277297967, 0.0]","[0.0, 0.0, 0.0]","[-0.0, -28.713600000000003, -0.0]","[0.0, -28.713600277297967, 0.0]","[0.0, -0.024718664347826092, 0.0]",2.3871794471719276e-10,0.99,False,1.0000000096573738,"[1.0000000096573738, 0.9999998856182772, 0.9999998724170038, 1.000000088626176, 0.9999998030822547, 1.0000000718186697, 1.0000002265630665, 0.9999999175300043]",0.0,False,3.5762782291115514e-07,3.0806947270978213e-09
current_1_1,1,100,0,2.17,0.009999999999999787,"[0, 0.4, 0]","[0.0, -0.0, 0.0]","[0.0, 0.024718664586544037, 0.0]","[0.0, 0.00024718663189560175, -5.0]","[-0.0, 0.0, -0.0]","[0.0, -0.0, -0.0]","[0.0, 2.4718664586544565, 0.0]","[0.0, 2.4718663692474365, 0.0]","[0.0, 28.42646427452625, 0.0]","[0.0, 28.71360027729924, 0.0]","[0.0, 0.0, 0.0]","[-0.0, 28.713600000000003, -0.0]","[0.0, 28.71360027729924, 0.0]","[0.0, 0.024718664347826092, 0.0]",2.3871794471719276e-10,0.99,False,1.000000009657418,"[1.000000009657418, 0.9999998856182327, 0.9999998724170482, 1.0000000886261315, 0.9999998030822991, 1.000000071818625, 1.000000226563111, 0.99999991752996]",0.0,False,3.5762791839033525e-07,3.0806947270978213e-09
current_2_-1,1,100,0,2.26,0.009999999999999787,"[0, 0, -0.4]","[0.0, -0.0, 0.0]","[0.0, -0.0, -0.024718664586544037]","[0.0, -0.0, -5.000247001647949]","[-0.0, 0.0, -0.0]","[0.0, -0.0, -0.0]","[0.0, 0.0, -2.4718664586544565]","[0.0, 0.0, -2.4718663692474365]","[0.0, 0.0, -28.42646427452625]","[0.0, 0.0, -28.71360027729924]","[0.0, 0.0, 0.0]","[-0.0, 0.0, -28.713600000000003]","[0.0, 0.0, -28.71360027729924]","[0.0, 0.0, -0.024718664347826092]",2.3871794471719276e-10,0.99,False,1.000000009657418,"[1.000000009657418, 0.9999998856182327, 0.9999998724170482, 1.0000000886261315, 0.9999998030822991, 1.000000071818625, 1.000000226563111, 0.99999991752996]",0.0,False,3.5762791839033525e-07,3.0806947270978213e-09
current_2_1,1,100,0,2.35,0.010000000000000231,"[0, 0, 0.4]","[0.0, -0.0, 0.0]","[0.0, -0.0, 0.024718664586544037]","[0.0, -0.0, -4.999752521514893]","[-0.0, 0.0, -0.0]","[0.0, -0.0, -0.0]","[0.0, 0.0, 2.4718664586543464]","[0.0, 0.0, 2.4718663692474365]","[0.0, 0.0, 28.426464274524985]","[0.0, 0.0, 28.713600277297967]","[0.0, 0.0, 0.0]","[-0.0, 0.0, 28.713600000000003]","[0.0, 0.0, 28.713600277297967]","[0.0, 0.0, 0.024718664347826092]",2.3871794471719276e-10,0.99,False,1.0000000096573738,"[1.0000000096573738, 0.9999998856182772, 0.9999998724170038, 1.000000088626176, 0.9999998030822547, 1.0000000718186697, 1.0000002265630665, 0.9999999175300043]",0.0,False,3.5762782291115514e-07,3.0806947270978213e-09
yaw90_world_current,1,100,0,2.44,0.009999999999999787,"[0.4, 0, 0]","[0.0, -0.0, 0.0]","[0.024718664586544037, -0.0, 0.0]","[0.00024718663189560175, -3.3306689994292145e-18, -5.0]","[-0.0, 0.0, -0.0]","[0.0, -0.0, 90.00000762939453]","[2.4718664586544565, 0.0, 0.0]","[2.4718663692474365, 0.0, 0.0]","[28.42646427452625, 0.0, 0.0]","[28.71360027729924, 0.0, 0.0]","[0.0, 0.0, 0.0]","[28.713600000000003, 0.0, -0.0]","[28.71360027729924, 0.0, 0.0]","[0.024718664347826092, 0.0, 0.0]",2.3871794471719276e-10,0.99,False,1.000000009657418,"[1.000000009657418, 0.9999998856182327, 0.9999998724170482, 1.0000000886261315, 0.9999998030822991, 1.000000071818625, 1.000000226563111, 0.9999999175300043]",0.0,False,3.5762791839033525e-07,3.0806947270978213e-09
thrust_0_10N,1,100,0,2.53,0.009999999999999787,"[0, 0, 0]","[0.0, -0.0, 0.0]","[0.00860869511961937, -0.0, 0.0]","[8.608694770373404e-05, -0.0, -5.0]","[-0.0, 0.0, -0.0]","[0.0, -0.0, -0.0]","[0.8608695119619553, 0.0, 0.0]","[0.8608695268630981, 0.0, 0.0]","[9.899999387562486, 0.0, 0.0]","[9.999999381376247, 0.0, 0.0]","[10, 0.0, 0.0]","[-0.0, 0.0, -0.0]","[-6.186237531125016e-07, 0.0, 0.0]","[0.008608695652173913, 0.0, 0.0]",5.325545438666923e-10,0.99,False,,"[null, 0.9999836248196471, 1.0000132094388152, 1.0000044052913604, 1.0000063869260412, 1.0000002693983794, 0.9999990105582405, 0.9999964482656938]",0.0,False,1.788139170066927e-07,1.8146544961128441e-09
thrust_1_10N,1,100,0,2.62,0.010000000000000231,"[0, 0, 0]","[0.0, -0.0, 0.0]","[0.0, 0.00860869511961937, 0.0]","[0.0, 8.608694770373404e-05, -5.0]","[-0.0, -6.725441220526426e-23, 4.407585158284199e-18]","[0.0, -0.0, -0.0]","[0.0, 0.8608695119619171, 0.0]","[0.0, 0.8608695268630981, 0.0]","[0.0, 9.899999387562046, 0.0]","[0.0, 9.999999381375805, 0.0]","[0.0, 10, 0.0]","[-0.0, 0.0, -0.0]","[0.0, -6.186241954253546e-07, 0.0]","[0.0, 0.008608695652173913, 0.0]",5.325545438666923e-10,0.99,False,,"[null, 0.9999836247863898, 1.0000132094471907, 1.000004405287604, 1.0000063869281681, 1.0000002693970123, 0.9999990105591952, 0.9999964482649903]",3.002340826023125e-17,False,1.7881395031338343e-07,1.8146544961128441e-09
thrust_2_10N,1,100,0,2.71,0.009999999999999787,"[0, 0, 0]","[0.0, -0.0, 0.0]","[0.0, -0.0, 0.00860869511961937]","[0.0, -0.0, -4.999913692474365]","[-0.0, 1.5064988132030803e-20, -0.0]","[0.0, -0.0, -0.0]","[0.0, 0.0, 0.8608695119619553]","[0.0, 0.0, 0.8608695268630981]","[0.0, 0.0, 9.899999387562486]","[0.0, 0.0, 9.999999381376247]","[0.0, 0.0, 10]","[-0.0, 0.0, -0.0]","[0.0, 0.0, -6.186237531125016e-07]","[0.0, 0.0, 0.008608695652173913]",5.325545438666923e-10,0.99,False,,"[null, 0.9999836248196471, 1.0000132094388152, 1.0000044052913604, 1.0000063869260412, 1.0000002693970123, 0.9999990105591952, 0.9999964482649903]",1.1740326945390561e-19,False,1.7881395031338343e-07,1.8146544961128441e-09
gravity_air,1,100,0,2.8,0.009999999999999787,"[0, 0, 0]","[0, 0, 0]","[0.0, -0.0, -0.09702000021934509]","[0.0, -0.0, 19.9990291595459]","[-0.0, 0.0, -0.0]","[0.0, -0.0, -0.0]","[0.0, -0.0, -9.702000021934715]","[0.0, 0.0, -9.702000617980957]","[0.0, -0.0, -111.57300025224923]","[0.0, -0.0, -112.7000002547972]","[0.0, 0.0, 0.0]","[0, 0, 0]","[0.0, -0.0, -2.5479720022758556e-07]","[0.0, 0.0, -0.09702000000000001]",2.1934508376286743e-10,0.99,False,,"[null, null, null, null, null, null, null, null]",0.0,False,2.6226041605070805e-06,2.7637481747611048e-08
moving_zero_current,1,100,0,2.89,0.010000000000000231,"[0, 0, 0]","[0.3959999978542328, -0.0, 0.0]","[0.36781322956085205, -0.0, 0.0]","[0.007638132199645042, -0.0, -5.0]","[-0.0, 0.0, -0.0]","[0.0, -0.0, -0.0]","[-2.8186768293380084, 0.0, 0.0]","[-2.818676233291626, 0.0, 0.0]","[-32.414783537387095, 0.0, 0.0]","[-28.142205618245995, 0.0, 0.0]","[0.0, 0.0, 0.0]","[-28.14219905501713, 0.0, -0.0]","[-28.142205618245995, 0.0, 0.0]","[0.36781323521093656, 0.0, 0.0]",5.65008451136606e-09,0.99,False,1.0000002332166313,"[1.0000002332166313, 1.000000078453308, 0.9999989415141438, 1.0000012610028597, 1.0000002712664018, 0.999999248592571, 1.0000003243761826, 0.9999996337958493]",0.0,False,2.14576725277027e-06,2.0149169943639578e-08
moving_matched_current,1,100,0,2.98,0.009999999999999787,"[0.3959999978542328, -0.0, 0.0]","[0.3959999978542328, -0.0, 0.0]","[0.3920399844646454, -0.0, 0.0]","[0.00788039993494749, -0.0, -5.0]","[-0.0, 0.0, -0.0]","[0.0, -0.0, -0.0]","[-0.39600133895874867, 0.0, 0.0]","[-0.3959999978542328, 0.0, 0.0]","[-4.5540153980256095, 0.0, 0.0]","[-1.557848672006956e-05, 0.0, 0.0]","[0.0, 0.0, 0.0]","[-0.0, -0.0, -0.0]","[-1.557848672006956e-05, 0.0, 0.0]","[0.39203999787569044, 0.0, 0.0]",1.341104505225843e-08,0.99,False,,"[null, 1.0061251153891897, 1.0012913654763091, 0.9991474955455117, 1.000024693904478, 1.0002273923759206, 1.0000278972514216, 0.999916438076906]",0.0,False,1.8477439961972486e-06,1.81822447098412e-08
neutral_zero,2,100,0,3.07,0.009999999999999787,"[0, 0, 0]","[0.0, -0.0, 0.0]","[0.0, -0.0, 0.0]","[0.0, -0.0, -5.0]","[-0.0, 0.0, -0.0]","[0.0, -0.0, -0.0]","[0.0, 0.0, 0.0]","[0.0, 0.0, 0.0]","[0.0, 0.0, 0.0]","[0.0, 0.0, 0.0]","[0.0, 0.0, 0.0]","[-0.0, 0.0, -0.0]","[0.0, 0.0, 0.0]","[0.0, 0.0, 0.0]",0.0,0.99,False,,"[null, null, null, null, null, null, null, null]",0.0,False,0.0,0.0
current_x_0.1,2,100,0,3.16,0.010000000000000231,"[0.1, 0, 0]","[0.0, -0.0, 0.0]","[0.0015449165366590023, -0.0, 0.0]","[1.544916449347511e-05, -0.0, -5.0]","[-0.0, 0.0, -0.0]","[0.0, -0.0, -0.0]","[0.15449165366589665, 0.0, 0.0]","[0.15449164807796478, 0.0, 0.0]","[1.7766540171578116, 0.0, 0.0]","[1.794600017331123, 0.0, 0.0]","[0.0, 0.0, 0.0]","[1.7946000000000002, 0.0, -0.0]","[1.794600017331123, 0.0, 0.0]","[0.0015449165217391308, 0.0, 0.0]",1.4919871544824548e-11,0.99,False,1.0000000096573738,"[1.0000000096573738, 0.9999999608188254, 0.9999998283529279, 1.0000002406464366, 0.9999996800305861, 0.9999998910441009, 1.0000004761108516, 0.9999999124149203]",0.0,False,6.705522256900132e-08,6.173159813188667e-10
current_x_0.2,2,100,0,3.25,0.009999999999999787,"[0.2, 0, 0]","[0.0, -0.0, 0.0]","[0.006179666146636009, -0.0, 0.0]","[6.179665797390044e-05, -0.0, -5.0]","[-0.0, 0.0, -0.0]","[0.0, -0.0, -0.0]","[0.6179666146636141, 0.0, 0.0]","[0.6179665923118591, 0.0, 0.0]","[7.1066160686315625, 0.0, 0.0]","[7.17840006932481, 0.0, 0.0]","[0.0, 0.0, 0.0]","[7.178400000000001, 0.0, -0.0]","[7.17840006932481, 0.0, 0.0]","[0.006179666086956523, 0.0, 0.0]",5.967948617929819e-11,0.99,False,1.000000009657418,"[1.000000009657418, 0.9999998968603581, 1.00000005719501, 0.9999998436263813, 0.9999999489014897, 1.000000134016055, 1.0000002740899967, 0.9999998534814277]",0.0,False,1.341104413077332e-07,1.2055277956446453e-09
current_x_0.4,2,100,0,3.34,0.009999999999999787,"[0.4, 0, 0]","[0.0, -0.0, 0.0]","[0.024718664586544037, -0.0, 0.0]","[0.00024718663189560175, -0.0, -5.0]","[-0.0, 0.0, -0.0]","[0.0, -0.0, -0.0]","[2.4718664586544565, 0.0, 0.0]","[2.4718663692474365, 0.0, 0.0]","[28.42646427452625, 0.0, 0.0]","[28.71360027729924, 0.0, 0.0]","[0.0, 0.0, 0.0]","[28.713600000000003, 0.0, -0.0]","[28.71360027729924, 0.0, 0.0]","[0.024718664347826092, 0.0, 0.0]",2.3871794471719276e-10,0.99,False,1.000000009657418,"[1.000000009657418, 0.9999998856182327, 0.9999998724170482, 1.0000000886261315, 0.9999998030822991, 1.000000071818625, 1.000000226563111, 0.99999991752996]",0.0,False,3.5762791839033525e-07,3.0806947270978213e-09
current_x_0.8,2,100,0,3.43,0.010000000000000231,"[0.8, 0, 0]","[0.0, -0.0, 0.0]","[0.09887465834617615, -0.0, 0.0]","[0.000988746527582407, -0.0, -5.0]","[-0.0, 0.0, -0.0]","[0.0, -0.0, -0.0]","[9.887465834617386, 0.0, 0.0]","[9.887465476989746, 0.0, 0.0]","[113.70585709809994, 0.0, 0.0]","[114.85440110919187, 0.0, 0.0]","[0.0, 0.0, 0.0]","[114.85440000000001, 0.0, -0.0]","[114.85440110919187, 0.0, 0.0]","[0.09887465739130437, 0.0, 0.0]",9.54871778868771e-10,0.99,False,1.0000000096573738,"[1.0000000096573738, 0.9999998637762252, 0.9999999655112228, 0.9999999637015854, 1.000000113018826, 1.0000002226217444, 0.9999992910580449, 1.0000005564584111]",0.0,False,2.2649765649696008e-06,2.2023687262784364e-08
current_x_negative,2,100,0,3.52,0.010000000000000231,"[-0.4, 0, 0]","[0.0, -0.0, 0.0]","[-0.024718664586544037, -0.0, 0.0]","[-0.00024718663189560175, -0.0, -5.0]","[-0.0, 0.0, -0.0]","[0.0, -0.0, -0.0]","[-2.4718664586543464, 0.0, 0.0]","[-2.4718663692474365, 0.0, 0.0]","[-28.426464274524985, 0.0, 0.0]","[-28.713600277297967, 0.0, 0.0]","[0.0, 0.0, 0.0]","[-28.713600000000003, 0.0, -0.0]","[-28.713600277297967, 0.0, 0.0]","[-0.024718664347826092, 0.0, 0.0]",2.3871794471719276e-10,0.99,False,1.0000000096573738,"[1.0000000096573738, 0.9999998856182772, 0.9999998724170038, 1.000000088626176, 0.9999998030822547, 1.0000000718186697, 1.0000002265630665, 0.9999999175300043]",0.0,False,3.5762782291115514e-07,3.0806947270978213e-09
current_1_-1,2,100,0,3.61,0.009999999999999787,"[0, -0.4, 0]","[0.0, -0.0, 0.0]","[0.0, -0.024718664586544037, 0.0]","[0.0, -0.00024718663189560175, -5.0]","[-0.0, 0.0, -0.0]","[0.0, -0.0, -0.0]","[0.0, -2.4718664586544565, 0.0]","[0.0, -2.4718663692474365, 0.0]","[0.0, -28.42646427452625, 0.0]","[0.0, -28.71360027729924, 0.0]","[0.0, 0.0, 0.0]","[-0.0, -28.713600000000003, -0.0]","[0.0, -28.71360027729924, 0.0]","[0.0, -0.024718664347826092, 0.0]",2.3871794471719276e-10,0.99,False,1.000000009657418,"[1.000000009657418, 0.9999998856182327, 0.9999998724170482, 1.0000000886261315, 0.9999998030822991, 1.000000071818625, 1.000000226563111, 0.99999991752996]",0.0,False,3.5762791839033525e-07,3.0806947270978213e-09
current_1_1,2,100,0,3.7,0.010000000000000231,"[0, 0.4, 0]","[0.0, -0.0, 0.0]","[0.0, 0.024718664586544037, 0.0]","[0.0, 0.00024718663189560175, -5.0]","[-0.0, 0.0, -0.0]","[0.0, -0.0, -0.0]","[0.0, 2.4718664586543464, 0.0]","[0.0, 2.4718663692474365, 0.0]","[0.0, 28.426464274524985, 0.0]","[0.0, 28.713600277297967, 0.0]","[0.0, 0.0, 0.0]","[-0.0, 28.713600000000003, -0.0]","[0.0, 28.713600277297967, 0.0]","[0.0, 0.024718664347826092, 0.0]",2.3871794471719276e-10,0.99,False,1.0000000096573738,"[1.0000000096573738, 0.9999998856182772, 0.9999998724170038, 1.000000088626176, 0.9999998030822547, 1.0000000718186697, 1.000000226563111, 0.99999991752996]",0.0,False,3.5762782291115514e-07,3.0806947270978213e-09
current_2_-1,2,100,0,3.79,0.010000000000000231,"[0, 0, -0.4]","[0.0, -0.0, 0.0]","[0.0, -0.0, -0.024718664586544037]","[0.0, -0.0, -5.000247001647949]","[-0.0, 0.0, -0.0]","[0.0, -0.0, -0.0]","[0.0, 0.0, -2.4718664586543464]","[0.0, 0.0, -2.4718663692474365]","[0.0, 0.0, -28.426464274524985]","[0.0, 0.0, -28.713600277297967]","[0.0, 0.0, 0.0]","[-0.0, 0.0, -28.713600000000003]","[0.0, 0.0, -28.713600277297967]","[0.0, 0.0, -0.024718664347826092]",2.3871794471719276e-10,0.99,False,1.0000000096573738,"[1.0000000096573738, 0.9999998856182772, 0.9999998724170038, 1.000000088626176, 0.9999998030822547, 1.0000000718186697, 1.0000002265630665, 0.9999999175300043]",0.0,False,3.5762782291115514e-07,3.0806947270978213e-09
current_2_1,2,100,0,3.88,0.009999999999999787,"[0, 0, 0.4]","[0.0, -0.0, 0.0]","[0.0, -0.0, 0.024718664586544037]","[0.0, -0.0, -4.999752521514893]","[-0.0, 0.0, -0.0]","[0.0, -0.0, -0.0]","[0.0, 0.0, 2.4718664586544565]","[0.0, 0.0, 2.4718663692474365]","[0.0, 0.0, 28.42646427452625]","[0.0, 0.0, 28.71360027729924]","[0.0, 0.0, 0.0]","[-0.0, 0.0, 28.713600000000003]","[0.0, 0.0, 28.71360027729924]","[0.0, 0.0, 0.024718664347826092]",2.3871794471719276e-10,0.99,False,1.000000009657418,"[1.000000009657418, 0.9999998856182327, 0.9999998724170482, 1.0000000886261315, 0.9999998030822991, 1.000000071818625, 1.000000226563111, 0.99999991752996]",0.0,False,3.5762791839033525e-07,3.0806947270978213e-09
yaw90_world_current,2,100,0,3.97,0.010000000000000231,"[0.4, 0, 0]","[0.0, -0.0, 0.0]","[0.024718664586544037, -0.0, 0.0]","[0.00024718663189560175, -3.3306689994292145e-18, -5.0]","[-0.0, 0.0, -0.0]","[0.0, -0.0, 90.00000762939453]","[2.4718664586543464, 0.0, 0.0]","[2.4718663692474365, 0.0, 0.0]","[28.426464274524985, 0.0, 0.0]","[28.713600277297967, 0.0, 0.0]","[0.0, 0.0, 0.0]","[28.713600000000003, 0.0, -0.0]","[28.713600277297967, 0.0, 0.0]","[0.024718664347826092, 0.0, 0.0]",2.3871794471719276e-10,0.99,False,1.0000000096573738,"[1.0000000096573738, 0.9999998856182772, 0.9999998724170038, 1.000000088626176, 0.9999998030822991, 1.0000000718186697, 1.0000002265630221, 0.9999999175300043]",0.0,False,3.5762782291115514e-07,3.0806947270978213e-09
thrust_0_10N,2,100,0,4.06,0.009999999999999787,"[0, 0, 0]","[0.0, -0.0, 0.0]","[0.00860869511961937, -0.0, 0.0]","[8.608694770373404e-05, -0.0, -5.0]","[-0.0, 0.0, -0.0]","[0.0, -0.0, -0.0]","[0.8608695119619553, 0.0, 0.0]","[0.8608695268630981, 0.0, 0.0]","[9.899999387562486, 0.0, 0.0]","[9.999999381376247, 0.0, 0.0]","[10, 0.0, 0.0]","[-0.0, 0.0, -0.0]","[-6.186237531125016e-07, 0.0, 0.0]","[0.008608695652173913, 0.0, 0.0]",5.325545438666923e-10,0.99,False,,"[null, 0.999983624853038, 1.0000132094388152, 1.000004405287604, 1.0000063869260412, 1.0000002693997463, 0.9999990105582405, 0.9999964482649903]",0.0,False,1.7881395031338343e-07,1.8146544961128441e-09
thrust_1_10N,2,100,0,4.15,0.010000000000000675,"[0, 0, 0]","[0.0, -0.0, 0.0]","[0.0, 0.00860869511961937, 0.0]","[0.0, 8.608694770373404e-05, -5.0]","[-0.0, -6.725441220526426e-23, 4.407585158284199e-18]","[0.0, -0.0, -0.0]","[0.0, 0.8608695119618789, 0.0]","[0.0, 0.8608695268630981, 0.0]","[0.0, 9.899999387561607, 0.0]","[0.0, 9.99999938137536, 0.0]","[0.0, 10, 0.0]","[-0.0, 0.0, -0.0]","[0.0, -6.186246395145645e-07, 0.0]","[0.0, 0.008608695652173913, 0.0]",5.325545438666923e-10,0.99,False,,"[null, 0.9999836247863898, 1.0000132094388152, 1.000004405287604, 1.0000063869302953, 1.0000002693970123, 0.9999990105582405, 0.9999964482649903]",3.002340826023125e-17,False,1.7881395031338343e-07,1.8146544961128441e-09
thrust_2_10N,2,100,0,4.24,0.009999999999999787,"[0, 0, 0]","[0.0, -0.0, 0.0]","[0.0, -0.0, 0.00860869511961937]","[0.0, -0.0, -4.999913692474365]","[-0.0, 1.5064988132030803e-20, -0.0]","[0.0, -0.0, -0.0]","[0.0, 0.0, 0.8608695119619553]","[0.0, 0.0, 0.8608695268630981]","[0.0, 0.0, 9.899999387562486]","[0.0, 0.0, 9.999999381376247]","[0.0, 0.0, 10]","[-0.0, 0.0, -0.0]","[0.0, 0.0, -6.186237531125016e-07]","[0.0, 0.0, 0.008608695652173913]",5.325545438666923e-10,0.99,False,,"[null, 0.9999836247863898, 1.0000132094388152, 1.000004405287604, 1.0000063869302953, 1.0000002693970123, 0.9999990105582405, 0.9999964482649903]",1.1740326945390561e-19,False,1.7881395031338343e-07,1.8146544961128441e-09
gravity_air,2,100,0,4.33,0.009999999999999787,"[0, 0, 0]","[0, 0, 0]","[0.0, -0.0, -0.09702000021934509]","[0.0, -0.0, 19.9990291595459]","[-0.0, 0.0, -0.0]","[0.0, -0.0, -0.0]","[0.0, -0.0, -9.702000021934715]","[0.0, 0.0, -9.702000617980957]","[0.0, -0.0, -111.57300025224923]","[0.0, -0.0, -112.7000002547972]","[0.0, 0.0, 0.0]","[0, 0, 0]","[0.0, -0.0, -2.5479720022758556e-07]","[0.0, 0.0, -0.09702000000000001]",2.1934508376286743e-10,0.99,False,,"[null, null, null, null, null, null, null, null]",0.0,False,2.6226037590504347e-06,2.7637481747611048e-08
moving_zero_current,2,100,0,4.42,0.009999999999999787,"[0, 0, 0]","[0.3959999978542328, -0.0, 0.0]","[0.36781322956085205, -0.0, 0.0]","[0.007638132199645042, -0.0, -5.0]","[-0.0, 0.0, -0.0]","[0.0, -0.0, -0.0]","[-2.8186768293381337, 0.0, 0.0]","[-2.818676233291626, 0.0, 0.0]","[-32.41478353738854, 0.0, 0.0]","[-28.142205618247246, 0.0, 0.0]","[0.0, 0.0, 0.0]","[-28.14219905501713, 0.0, -0.0]","[-28.142205618247246, 0.0, 0.0]","[0.36781323521093656, 0.0, 0.0]",5.65008451136606e-09,0.99,False,1.0000002332166757,"[1.0000002332166757, 1.000000078453308, 0.9999989415140995, 1.0000012610028597, 1.0000002712664462, 0.999999248592571, 1.0000003243761382, 0.9999996337958493]",0.0,False,2.14576725277027e-06,2.0149169943639578e-08
moving_matched_current,2,100,0,4.51,0.009999999999999787,"[0.3959999978542328, -0.0, 0.0]","[0.3959999978542328, -0.0, 0.0]","[0.3920399844646454, -0.0, 0.0]","[0.00788039993494749, -0.0, -5.0]","[-0.0, 0.0, -0.0]","[0.0, -0.0, -0.0]","[-0.39600133895874867, 0.0, 0.0]","[-0.3959999978542328, 0.0, 0.0]","[-4.5540153980256095, 0.0, 0.0]","[-1.557848672006956e-05, 0.0, 0.0]","[0.0, 0.0, 0.0]","[-0.0, -0.0, -0.0]","[-1.557848672006956e-05, 0.0, 0.0]","[0.39203999787569044, 0.0, 0.0]",1.341104505225843e-08,0.99,False,,"[null, 1.0061251153892343, 1.0012913654762203, 0.9991474955455117, 1.0000246939045223, 1.0002273923759206, 1.0000278972513774, 0.999916438076906]",0.0,False,1.8477439961972486e-06,1.81822447098412e-08
neutral_zero,0,200,0,0.005,0.005,"[0, 0, 0]","[0.0, -0.0, 0.0]","[0.0, -0.0, 0.0]","[0.0, -0.0, -5.0]","[-0.0, 0.0, -0.0]","[0.0, -0.0, -0.0]","[0.0, 0.0, 0.0]","[0.0, 0.0, 0.0]","[0.0, 0.0, 0.0]","[0.0, 0.0, 0.0]","[0.0, 0.0, 0.0]","[-0.0, 0.0, -0.0]","[0.0, 0.0, 0.0]","[0.0, 0.0, 0.0]",0.0,0.995,False,,"[null, null, null, null, null, null, null, null]",0.0,False,0.0,0.0
current_x_0.1,0,200,0,0.05,0.0050000000000000044,"[0.1, 0, 0]","[0.0, -0.0, 0.0]","[0.0007763595203869045, -0.0, 0.0]","[3.881797510985052e-06, -0.0, -5.0]","[-0.0, 0.0, -0.0]","[0.0, -0.0, -0.0]","[0.15527190407738076, 0.0, 0.0]","[0.15527191758155823, 0.0, 0.0]","[1.7856268968898787, 0.0, 0.0]","[1.7945998963717376, 0.0, 0.0]","[0.0, 0.0, 0.0]","[1.7946000000000002, 0.0, -0.0]","[1.7945998963717376, 0.0, 0.0]","[0.0007763595652173915, 0.0, 0.0]",4.483048697892511e-11,0.995,False,0.9999999422555095,"[0.9999999422555095, 0.9999999974294626, 0.9999999847152746, 0.9999999665896908, 1.0000000835069427, 1.000000116317077, 0.999999736926187, 1.0000002024115577]",0.0,False,4.097819339410336e-08,1.865531392558628e-10
current_x_0.2,0,200,0,0.095,0.0050000000000000044,"[0.2, 0, 0]","[0.0, -0.0, 0.0]","[0.003105438081547618, -0.0, 0.0]","[1.552719004394021e-05, -0.0, -5.0]","[-0.0, 0.0, -0.0]","[0.0, -0.0, -0.0]","[0.621087616309523, 0.0, 0.0]","[0.6210876703262329, 0.0, 0.0]","[7.142507587559515, 0.0, 0.0]","[7.17839958548695, 0.0, 0.0]","[0.0, 0.0, 0.0]","[7.178400000000001, 0.0, -0.0]","[7.17839958548695, 0.0, 0.0]","[0.003105438260869566, 0.0, 0.0]",1.7932194791570044e-10,0.995,False,0.9999999422555095,"[0.9999999422555095, 1.0000000080155291, 0.9999999348229268, 0.9999998864241079, 1.000000044273461, 1.0000001431790506, 0.9999997948648053, 0.9999998116232497]",0.0,False,1.043081288010228e-07,5.329483764027199e-10
current_x_0.4,0,200,0,0.14,0.0050000000000000044,"[0.4, 0, 0]","[0.0, -0.0, 0.0]","[0.012421752326190472, -0.0, 0.0]","[6.210876017576084e-05, -0.0, -5.0]","[-0.0, 0.0, -0.0]","[0.0, -0.0, -0.0]","[2.484350465238092, 0.0, 0.0]","[2.4843506813049316, 0.0, 0.0]","[28.57003035023806, 0.0, 0.0]","[28.7135983419478, 0.0, 0.0]","[0.0, 0.0, 0.0]","[28.713600000000003, 0.0, -0.0]","[28.7135983419478, 0.0, 0.0]","[0.012421753043478263, 0.0, 0.0]",7.172877916628018e-10,0.995,False,0.9999999422555095,"[0.9999999422555095, 1.0000000723660039, 0.999999901853073, 1.0000001336177409, 0.9999999748553001, 0.9999996553368412, 1.0000001435076649, 0.9999996597239688]",0.0,False,5.960464493082185e-07,3.192143369079581e-09
current_x_0.8,0,200,0,0.185,0.0050000000000000044,"[0.8, 0, 0]","[0.0, -0.0, 0.0]","[0.04968700930476189, -0.0, 0.0]","[0.00024843504070304334, -0.0, -5.0]","[-0.0, 0.0, -0.0]","[0.0, -0.0, -0.0]","[9.937401860952368, 0.0, 0.0]","[9.937402725219727, 0.0, 0.0]","[114.28012140095224, 0.0, 0.0]","[114.8543933677912, 0.0, 0.0]","[0.0, 0.0, 0.0]","[114.85440000000001, 0.0, -0.0]","[114.8543933677912, 0.0, 0.0]","[0.04968701217391305, 0.0, 0.0]",2.869151166651207e-09,0.995,False,0.9999999422555095,"[0.9999999422555095, 1.0000000530696302, 1.0000000663415956, 1.0000000388712345, 0.9999995588302705, 1.0000000948469612, 0.9999999332529196, 1.0000003250176959]",0.0,False,2.7418136312462593e-06,1.3788513525403445e-08
current_x_negative,0,200,0,0.23,0.0050000000000000044,"[-0.4, 0, 0]","[0.0, -0.0, 0.0]","[-0.012421752326190472, -0.0, 0.0]","[-6.210876017576084e-05, -0.0, -5.0]","[-0.0, 0.0, -0.0]","[0.0, -0.0, -0.0]","[-2.484350465238092, 0.0, 0.0]","[-2.4843506813049316, 0.0, 0.0]","[-28.57003035023806, 0.0, 0.0]","[-28.7135983419478, 0.0, 0.0]","[0.0, 0.0, 0.0]","[-28.713600000000003, 0.0, -0.0]","[-28.7135983419478, 0.0, 0.0]","[-0.012421753043478263, 0.0, 0.0]",7.172877916628018e-10,0.995,False,0.9999999422555095,"[0.9999999422555095, 1.0000000723660039, 0.999999901853073, 1.0000001336177409, 0.9999999748553001, 0.9999996553368412, 1.0000001435076649, 0.9999996597239632]",0.0,False,5.960464493082185e-07,3.192143369079581e-09
current_1_-1,0,200,0,0.275,0.0050000000000000044,"[0, -0.4, 0]","[0.0, -0.0, 0.0]","[0.0, -0.012421752326190472, 0.0]","[0.0, -6.210876017576084e-05, -5.0]","[-0.0, 0.0, -0.0]","[0.0, -0.0, -0.0]","[0.0, -2.484350465238092, 0.0]","[0.0, -2.4843506813049316, 0.0]","[0.0, -28.57003035023806, 0.0]","[0.0, -28.7135983419478, 0.0]","[0.0, 0.0, 0.0]","[-0.0, -28.713600000000003, -0.0]","[0.0, -28.7135983419478, 0.0]","[0.0, -0.012421753043478263, 0.0]",7.172877916628018e-10,0.995,False,0.9999999422555095,"[0.9999999422555095, 1.0000000723659983, 0.9999999018530841, 1.0000001336177409, 0.9999999748553001, 0.9999996553368412, 1.0000001435076649, 0.9999996597239632]",0.0,False,5.960464493082185e-07,3.192143369079581e-09
current_1_1,0,200,0,0.32,0.0050000000000000044,"[0, 0.4, 0]","[0.0, -0.0, 0.0]","[0.0, 0.012421752326190472, 0.0]","[0.0, 6.210876017576084e-05, -5.0]","[-0.0, 0.0, -0.0]","[0.0, -0.0, -0.0]","[0.0, 2.484350465238092, 0.0]","[0.0, 2.4843506813049316, 0.0]","[0.0, 28.57003035023806, 0.0]","[0.0, 28.7135983419478, 0.0]","[0.0, 0.0, 0.0]","[-0.0, 28.713600000000003, -0.0]","[0.0, 28.7135983419478, 0.0]","[0.0, 0.012421753043478263, 0.0]",7.172877916628018e-10,0.995,False,0.9999999422555095,"[0.9999999422555095, 1.0000000723659983, 0.999999901853073, 1.0000001336177409, 0.9999999748553001, 0.9999996553368522, 1.0000001435076649, 0.9999996597239632]",0.0,False,5.960464490861739e-07,3.192143369079581e-09
current_2_-1,0,200,0,0.365,0.0050000000000000044,"[0, 0, -0.4]","[0.0, -0.0, 0.0]","[0.0, -0.0, -0.012421752326190472]","[0.0, -0.0, -5.000061988830566]","[-0.0, 0.0, -0.0]","[0.0, -0.0, -0.0]","[0.0, 0.0, -2.484350465238092]","[0.0, 0.0, -2.4843506813049316]","[0.0, 0.0, -28.57003035023806]","[0.0, 0.0, -28.7135983419478]","[0.0, 0.0, 0.0]","[-0.0, 0.0, -28.713600000000003]","[0.0, 0.0, -28.7135983419478]","[0.0, 0.0, -0.012421753043478263]",7.172877916628018e-10,0.995,False,0.9999999422555095,"[0.9999999422555095, 1.0000000723659983, 0.999999901853073, 1.0000001336177409, 0.9999999748553001, 0.9999996553368412, 1.0000001435076649, 0.9999996597239632]",0.0,False,5.960464493082185e-07,3.192143369079581e-09
current_2_1,0,200,0,0.41,0.004999999999999949,"[0, 0, 0.4]","[0.0, -0.0, 0.0]","[0.0, -0.0, 0.012421752326190472]","[0.0, -0.0, -4.999938011169434]","[-0.0, 0.0, -0.0]","[0.0, -0.0, -0.0]","[0.0, 0.0, 2.4843504652381196]","[0.0, 0.0, 2.4843506813049316]","[0.0, 0.0, 28.570030350238376]","[0.0, 0.0, 28.71359834194812]","[0.0, 0.0, 0.0]","[-0.0, 0.0, 28.713600000000003]","[0.0, 0.0, 28.71359834194812]","[0.0, 0.0, 0.012421753043478263]",7.172877916628018e-10,0.995,False,0.9999999422555207,"[0.9999999422555207, 1.0000000723659983, 0.999999901853073, 1.0000001336177409, 0.9999999748553001, 0.9999996553368412, 1.0000001435076649, 0.9999996597239632]",0.0,False,5.960464493082185e-07,3.192143369079581e-09
yaw90_world_current,0,200,0,0.455,0.0050000000000000044,"[0.4, 0, 0]","[0.0, -0.0, 0.0]","[0.012421752326190472, -0.0, 0.0]","[6.210876017576084e-05, -3.3306689994292145e-18, -5.0]","[-0.0, 0.0, -0.0]","[0.0, -0.0, 90.00000762939453]","[2.484350465238092, 0.0, 0.0]","[2.4843506813049316, 0.0, 0.0]","[28.57003035023806, 0.0, 0.0]","[28.7135983419478, 0.0, 0.0]","[0.0, 0.0, 0.0]","[28.713600000000003, 0.0, -0.0]","[28.7135983419478, 0.0, 0.0]","[0.012421753043478263, 0.0, 0.0]",7.172877916628018e-10,0.995,False,0.9999999422555095,"[0.9999999422555095, 1.0000000723659983, 0.999999901853073, 1.000000133617752, 0.9999999748553001, 0.9999996553368412, 1.0000001435076649, 0.9999996597239632]",0.0,False,5.960464493082185e-07,3.192143369079581e-09
thrust_0_10N,0,200,0,0.5,0.0050000000000000044,"[0, 0, 0]","[0.0, -0.0, 0.0]","[0.0043260869570076466, -0.0, 0.0]","[2.1630432456731796e-05, -0.0, -5.0]","[-0.0, 0.0, -0.0]","[0.0, -0.0, -0.0]","[0.8652173914015285, 0.0, 0.0]","[0.865217387676239, 0.0, 0.0]","[9.950000001117578, 0.0, 0.0]","[10.000000001123194, 0.0, 0.0]","[10, 0.0, 0.0]","[-0.0, 0.0, -0.0]","[1.1231939822664572e-09, 0.0, 0.0]","[0.004326086956521739, 0.0, 0.0]",4.859073213236975e-13,0.995,False,,"[null, 1.0002525435444203, 1.0000429528376256, 1.0000034916840617, 1.000028232698326, 0.9999807076676954, 1.0000178123087509, 0.999996496761168]",0.0,False,1.4901161271563268e-07,9.031759402866602e-10
thrust_1_10N,0,200,0,0.545,0.0050000000000000044,"[0, 0, 0]","[0.0, -0.0, 0.0]","[0.0, 0.0043260869570076466, 0.0]","[0.0, 2.1630432456731796e-05, -5.0]","[-0.0, -3.375426319547065e-23, 2.2121193927783644e-18]","[0.0, -0.0, -0.0]","[0.0, 0.8652173914015285, 0.0]","[0.0, 0.865217387676239, 0.0]","[0.0, 9.950000001117578, 0.0]","[0.0, 10.000000001123194, 0.0]","[0.0, 10, 0.0]","[-0.0, 0.0, -0.0]","[0.0, 1.1231939822664572e-09, 0.0]","[0.0, 0.004326086956521739, 0.0]",4.859073213236975e-13,0.995,False,,"[null, 1.0002525435444203, 1.0000429528376256, 1.0000034916840617, 1.0000282326941554, 0.9999807076676954, 1.0000178123087509, 0.999996496761168]",1.7466416598819296e-17,False,1.4901161271563268e-07,9.031759402866602e-10
thrust_2_10N,0,200,0,0.59,0.0050000000000000044,"[0, 0, 0]","[0.0, -0.0, 0.0]","[0.0, -0.0, 0.0043260869570076466]","[0.0, -0.0, -4.999978065490723]","[-0.0, 7.560955056759621e-21, -0.0]","[0.0, -0.0, -0.0]","[0.0, 0.0, 0.8652173914015285]","[0.0, 0.0, 0.865217387676239]","[0.0, 0.0, 9.950000001117578]","[0.0, 0.0, 10.000000001123194]","[0.0, 0.0, 10]","[-0.0, 0.0, -0.0]","[0.0, 0.0, 1.1231939822664572e-09]","[0.0, 0.0, 0.004326086956521739]",4.859073213236975e-13,0.995,False,,"[null, 1.0002525435444203, 1.0000429528376256, 1.0000034916840617, 1.000028232698326, 0.9999807076676954, 1.0000178123087509, 0.999996496761168]",5.969966691008925e-20,False,1.4901161271563268e-07,9.031759402866602e-10
gravity_air,0,200,0,0.635,0.0050000000000000044,"[0, 0, 0]","[0, 0, 0]","[0.0, -0.0, -0.04875500127673149]","[0.0, -0.0, 19.999755859375]","[-0.0, 0.0, -0.0]","[0.0, -0.0, -0.0]","[0.0, -0.0, -9.75100025534629]","[0.0, 0.0, -9.75100040435791]","[0.0, -0.0, -112.13650293648233]","[0.0, -0.0, -112.70000295123853]","[0.0, 0.0, 0.0]","[0, 0, 0]","[0.0, -0.0, -2.9512385282259856e-06]","[0.0, 0.0, -0.048755]",1.276731491361982e-09,0.995,False,,"[null, null, null, null, null, null, null, null]",0.0,False,2.6226043789989717e-06,1.103699209803466e-08
moving_zero_current,0,200,0,0.68,0.0050000000000000044,"[0, 0, 0]","[0.39800000190734863, -0.0, 0.0]","[0.38371214270591736, -0.0, 0.0]","[0.003908560611307621, -0.0, -5.0]","[-0.0, 0.0, -0.0]","[0.0, -0.0, -0.0]","[-2.857571840286252, 0.0, 0.0]","[-2.8575692176818848, 0.0, 0.0]","[-32.8620761632919, 0.0, 0.0]","[-28.42721220236919, 0.0, 0.0]","[0.0, 0.0, 0.0]","[-28.427182112465058, 0.0, -0.0]","[-28.42721220236919, 0.0, 0.0]","[0.38371215572307155, 0.0, 0.0]",1.3017154187888735e-08,0.995,False,1.0000010584905676,"[1.0000010584905676, 1.000000282892689, 0.9999998507137399, 0.9999979629420342, 1.0000021257480003, 0.99999997277506, 0.9999991207588781, 0.9999994498496326]",0.0,False,4.291534426048571e-06,2.0253357102539837e-08
moving_matched_current,0,200,0,0.725,0.0050000000000000044,"[0.39800000190734863, -0.0, 0.0]","[0.39800000190734863, -0.0, 0.0]","[0.39601001143455505, -0.0, 0.0]","[0.003970049787312746, -0.0, -5.0]","[-0.0, 0.0, -0.0]","[0.0, -0.0, -0.0]","[-0.3979980945587155, 0.0, 0.0]","[-0.39800000190734863, 0.0, 0.0]","[-4.576978087425228, 0.0, 0.0]","[2.2044732961301585e-05, 0.0, 0.0]","[0.0, 0.0, 0.0]","[-0.0, -0.0, -0.0]","[2.2044732961301585e-05, 0.0, 0.0]","[0.3960100018978119, 0.0, 0.0]",9.536743172944284e-09,0.995,False,,"[null, 0.9165301142128696, 1.0061473731661523, 1.0010996216117405, 1.0007670466607763, 0.9991597500518957, 1.001575033462221, 0.9999391605325727]",0.0,False,5.155801772738222e-06,2.5662249436564366e-08
neutral_zero,1,200,0,0.77,0.0050000000000000044,"[0, 0, 0]","[0.0, -0.0, 0.0]","[0.0, -0.0, 0.0]","[0.0, -0.0, -5.0]","[-0.0, 0.0, -0.0]","[0.0, -0.0, -0.0]","[0.0, 0.0, 0.0]","[0.0, 0.0, 0.0]","[0.0, 0.0, 0.0]","[0.0, 0.0, 0.0]","[0.0, 0.0, 0.0]","[-0.0, 0.0, -0.0]","[0.0, 0.0, 0.0]","[0.0, 0.0, 0.0]",0.0,0.995,False,,"[null, null, null, null, null, null, null, null]",0.0,False,0.0,0.0
current_x_0.1,1,200,0,0.815,0.004999999999999893,"[0.1, 0, 0]","[0.0, -0.0, 0.0]","[0.0007763595203869045, -0.0, 0.0]","[3.881797510985052e-06, -0.0, -5.0]","[-0.0, 0.0, -0.0]","[0.0, -0.0, -0.0]","[0.1552719040773842, 0.0, 0.0]","[0.15527191758155823, 0.0, 0.0]","[1.7856268968899183, 0.0, 0.0]","[1.7945998963717775, 0.0, 0.0]","[0.0, 0.0, 0.0]","[1.7946000000000002, 0.0, -0.0]","[1.7945998963717775, 0.0, 0.0]","[0.0007763595652173915, 0.0, 0.0]",4.483048697892511e-11,0.995,False,0.9999999422555318,"[0.9999999422555318, 0.9999999974294611, 0.9999999847152733, 0.9999999665896908, 1.0000000835069427, 1.0000001163170742, 0.999999736926187, 1.0000002024115577]",0.0,False,4.097819339410336e-08,1.865531392558628e-10
current_x_0.2,1,200,0,0.86,0.0050000000000000044,"[0.2, 0, 0]","[0.0, -0.0, 0.0]","[0.003105438081547618, -0.0, 0.0]","[1.552719004394021e-05, -0.0, -5.0]","[-0.0, 0.0, -0.0]","[0.0, -0.0, -0.0]","[0.621087616309523, 0.0, 0.0]","[0.6210876703262329, 0.0, 0.0]","[7.142507587559515, 0.0, 0.0]","[7.17839958548695, 0.0, 0.0]","[0.0, 0.0, 0.0]","[7.178400000000001, 0.0, -0.0]","[7.17839958548695, 0.0, 0.0]","[0.003105438260869566, 0.0, 0.0]",1.7932194791570044e-10,0.995,False,0.9999999422555095,"[0.9999999422555095, 1.0000000080155291, 0.9999999348229239, 0.9999998864241079, 1.000000044273461, 1.000000143179048, 0.9999997948648053, 0.9999998116232497]",0.0,False,1.043081288010228e-07,5.329483764027199e-10
current_x_0.4,1,200,0,0.905,0.0050000000000000044,"[0.4, 0, 0]","[0.0, -0.0, 0.0]","[0.012421752326190472, -0.0, 0.0]","[6.210876017576084e-05, -0.0, -5.0]","[-0.0, 0.0, -0.0]","[0.0, -0.0, -0.0]","[2.484350465238092, 0.0, 0.0]","[2.4843506813049316, 0.0, 0.0]","[28.57003035023806, 0.0, 0.0]","[28.7135983419478, 0.0, 0.0]","[0.0, 0.0, 0.0]","[28.713600000000003, 0.0, -0.0]","[28.7135983419478, 0.0, 0.0]","[0.012421753043478263, 0.0, 0.0]",7.172877916628018e-10,0.995,False,0.9999999422555095,"[0.9999999422555095, 1.0000000723659983, 0.999999901853073, 1.0000001336177409, 0.9999999748553001, 0.9999996553368412, 1.0000001435076649, 0.9999996597239855]",0.0,False,5.960464493082185e-07,3.192143369079581e-09
current_x_0.8,1,200,0,0.95,0.0050000000000000044,"[0.8, 0, 0]","[0.0, -0.0, 0.0]","[0.04968700930476189, -0.0, 0.0]","[0.00024843504070304334, -0.0, -5.0]","[-0.0, 0.0, -0.0]","[0.0, -0.0, -0.0]","[9.937401860952368, 0.0, 0.0]","[9.937402725219727, 0.0, 0.0]","[114.28012140095224, 0.0, 0.0]","[114.8543933677912, 0.0, 0.0]","[0.0, 0.0, 0.0]","[114.85440000000001, 0.0, -0.0]","[114.8543933677912, 0.0, 0.0]","[0.04968701217391305, 0.0, 0.0]",2.869151166651207e-09,0.995,False,0.9999999422555095,"[0.9999999422555095, 1.0000000530696302, 1.0000000663415956, 1.0000000388712345, 0.9999995588302647, 1.0000000948469612, 0.9999999332529196, 1.0000003250176959]",0.0,False,2.7418136649970393e-06,1.3788513525403445e-08
current_x_negative,1,200,0,0.995,0.0050000000000000044,"[-0.4, 0, 0]","[0.0, -0.0, 0.0]","[-0.012421752326190472, -0.0, 0.0]","[-6.210876017576084e-05, -0.0, -5.0]","[-0.0, 0.0, -0.0]","[0.0, -0.0, -0.0]","[-2.484350465238092, 0.0, 0.0]","[-2.4843506813049316, 0.0, 0.0]","[-28.57003035023806, 0.0, 0.0]","[-28.7135983419478, 0.0, 0.0]","[0.0, 0.0, 0.0]","[-28.713600000000003, 0.0, -0.0]","[-28.7135983419478, 0.0, 0.0]","[-0.012421753043478263, 0.0, 0.0]",7.172877916628018e-10,0.995,False,0.9999999422555095,"[0.9999999422555095, 1.0000000723659983, 0.9999999018530952, 1.0000001336177187, 0.9999999748553223, 0.9999996553368191, 1.000000143507687, 0.9999996597239411]",0.0,False,5.960464892762474e-07,3.192143369079581e-09
current_1_-1,1,200,0,1.04,0.0050000000000001155,"[0, -0.4, 0]","[0.0, -0.0, 0.0]","[0.0, -0.012421752326190472, 0.0]","[0.0, -6.210876017576084e-05, -5.0]","[-0.0, 0.0, -0.0]","[0.0, -0.0, -0.0]","[0.0, -2.484350465238037, 0.0]","[0.0, -2.4843506813049316, 0.0]","[0.0, -28.570030350237428, 0.0]","[0.0, -28.713598341947165, 0.0]","[0.0, 0.0, 0.0]","[-0.0, -28.713600000000003, -0.0]","[0.0, -28.713598341947165, 0.0]","[0.0, -0.012421753043478263, 0.0]",7.172877916628018e-10,0.995,False,0.9999999422554873,"[0.9999999422554873, 1.0000000723660205, 0.9999999018530507, 1.000000133617763, 0.9999999748552779, 0.9999996553368634, 1.0000001435076429, 0.9999996597239855]",0.0,False,5.960464137810817e-07,3.192143369079581e-09
current_1_1,1,200,0,1.085,0.004999999999999893,"[0, 0.4, 0]","[0.0, -0.0, 0.0]","[0.0, 0.012421752326190472, 0.0]","[0.0, 6.210876017576084e-05, -5.0]","[-0.0, 0.0, -0.0]","[0.0, -0.0, -0.0]","[0.0, 2.484350465238147, 0.0]","[0.0, 2.4843506813049316, 0.0]","[0.0, 28.570030350238692, 0.0]","[0.0, 28.71359834194844, 0.0]","[0.0, 0.0, 0.0]","[-0.0, 28.713600000000003, -0.0]","[0.0, 28.71359834194844, 0.0]","[0.0, 0.012421753043478263, 0.0]",7.172877916628018e-10,0.995,False,0.9999999422555318,"[0.9999999422555318, 1.000000072365976, 0.9999999018530952, 1.0000001336177187, 0.9999999748553223, 0.9999996553368191, 1.000000143507687, 0.9999996597239411]",0.0,False,5.960464892762474e-07,3.192143369079581e-09
current_2_-1,1,200,0,1.13,0.004999999999999893,"[0, 0, -0.4]","[0.0, -0.0, 0.0]","[0.0, -0.0, -0.012421752326190472]","[0.0, -0.0, -5.000061988830566]","[-0.0, 0.0, -0.0]","[0.0, -0.0, -0.0]","[0.0, 0.0, -2.484350465238147]","[0.0, 0.0, -2.4843506813049316]","[0.0, 0.0, -28.570030350238692]","[0.0, 0.0, -28.71359834194844]","[0.0, 0.0, 0.0]","[-0.0, 0.0, -28.713600000000003]","[0.0, 0.0, -28.71359834194844]","[0.0, 0.0, -0.012421753043478263]",7.172877916628018e-10,0.995,False,0.9999999422555318,"[0.9999999422555318, 1.000000072365976, 0.9999999018530952, 1.0000001336177187, 0.9999999748553223, 0.9999996553368191, 1.000000143507687, 0.9999996597239411]",0.0,False,5.960464892762474e-07,3.192143369079581e-09
current_2_1,1,200,0,1.175,0.0050000000000001155,"[0, 0, 0.4]","[0.0, -0.0, 0.0]","[0.0, -0.0, 0.012421752326190472]","[0.0, -0.0, -4.999938011169434]","[-0.0, 0.0, -0.0]","[0.0, -0.0, -0.0]","[0.0, 0.0, 2.484350465238037]","[0.0, 0.0, 2.4843506813049316]","[0.0, 0.0, 28.570030350237428]","[0.0, 0.0, 28.713598341947165]","[0.0, 0.0, 0.0]","[-0.0, 0.0, 28.713600000000003]","[0.0, 0.0, 28.713598341947165]","[0.0, 0.0, 0.012421753043478263]",7.172877916628018e-10,0.995,False,0.9999999422554873,"[0.9999999422554873, 1.0000000723660205, 0.9999999018530507, 1.000000133617763, 0.9999999748552779, 0.9999996553368634, 1.0000001435076429, 0.9999996597239855]",0.0,False,5.960464137810817e-07,3.192143369079581e-09
yaw90_world_current,1,200,0,1.22,0.004999999999999893,"[0.4, 0, 0]","[0.0, -0.0, 0.0]","[0.012421752326190472, -0.0, 0.0]","[6.210876017576084e-05, -3.3306689994292145e-18, -5.0]","[-0.0, 0.0, -0.0]","[0.0, -0.0, 90.00000762939453]","[2.484350465238147, 0.0, 0.0]","[2.4843506813049316, 0.0, 0.0]","[28.570030350238692, 0.0, 0.0]","[28.71359834194844, 0.0, 0.0]","[0.0, 0.0, 0.0]","[28.713600000000003, 0.0, -0.0]","[28.71359834194844, 0.0, 0.0]","[0.012421753043478263, 0.0, 0.0]",7.172877916628018e-10,0.995,False,0.9999999422555318,"[0.9999999422555318, 1.000000072365976, 0.9999999018530952, 1.0000001336177187, 0.9999999748553223, 0.9999996553368191, 1.000000143507687, 0.9999996597239855]",0.0,False,5.960464892762474e-07,3.192143369079581e-09
thrust_0_10N,1,200,0,1.265,0.004999999999999893,"[0, 0, 0]","[0.0, -0.0, 0.0]","[0.0043260869570076466, -0.0, 0.0]","[2.1630432456731796e-05, -0.0, -5.0]","[-0.0, 0.0, -0.0]","[0.0, -0.0, -0.0]","[0.8652173914015477, 0.0, 0.0]","[0.865217387676239, 0.0, 0.0]","[9.950000001117798, 0.0, 0.0]","[10.000000001123416, 0.0, 0.0]","[10, 0.0, 0.0]","[-0.0, 0.0, -0.0]","[1.1234160268713822e-09, 0.0, 0.0]","[0.004326086956521739, 0.0, 0.0]",4.859073213236975e-13,0.995,False,,"[null, 1.0002525436105325, 1.0000429528210089, 1.0000034916914895, 1.0000282326941554, 0.9999807076703825, 1.0000178123068717, 0.999996496762548]",0.0,False,1.4901159428593047e-07,9.031759402866602e-10
thrust_1_10N,1,200,0,1.31,0.0050000000000001155,"[0, 0, 0]","[0.0, -0.0, 0.0]","[0.0, 0.0043260869570076466, 0.0]","[0.0, 2.1630432456731796e-05, -5.0]","[-0.0, -3.375426319547065e-23, 2.2121193927783644e-18]","[0.0, -0.0, -0.0]","[0.0, 0.8652173914015093, 0.0]","[0.0, 0.865217387676239, 0.0]","[0.0, 9.950000001117358, 0.0]","[0.0, 10.000000001122972, 0.0]","[0.0, 10, 0.0]","[-0.0, 0.0, -0.0]","[0.0, 1.1229719376615321e-09, 0.0]","[0.0, 0.004326086956521739, 0.0]",4.859073213236975e-13,0.995,False,,"[null, 1.000252543478308, 1.0000429528541093, 1.0000034916766336, 1.0000282327024967, 0.9999807076650084, 1.0000178123106152, 0.9999964967597882]",1.7466416598819296e-17,False,1.490116311453349e-07,9.031759402866602e-10
thrust_2_10N,1,200,0,1.355,0.004999999999999893,"[0, 0, 0]","[0.0, -0.0, 0.0]","[0.0, -0.0, 0.0043260869570076466]","[0.0, -0.0, -4.999978065490723]","[-0.0, 7.560955056759621e-21, -0.0]","[0.0, -0.0, -0.0]","[0.0, 0.0, 0.8652173914015477]","[0.0, 0.0, 0.865217387676239]","[0.0, 0.0, 9.950000001117798]","[0.0, 0.0, 10.000000001123416]","[0.0, 0.0, 10]","[-0.0, 0.0, -0.0]","[0.0, 0.0, 1.1234160268713822e-09]","[0.0, 0.0, 0.004326086956521739]",4.859073213236975e-13,0.995,False,,"[null, 1.0002525436105325, 1.0000429528210089, 1.0000034916914895, 1.0000282326941554, 0.9999807076650084, 1.0000178123106152, 0.9999964967597882]",5.969966691008925e-20,False,1.490116311453349e-07,9.031759402866602e-10
gravity_air,1,200,0,1.4,0.004999999999999893,"[0, 0, 0]","[0, 0, 0]","[0.0, -0.0, -0.04875500127673149]","[0.0, -0.0, 19.999755859375]","[-0.0, 0.0, -0.0]","[0.0, -0.0, -0.0]","[0.0, -0.0, -9.751000255346506]","[0.0, 0.0, -9.75100040435791]","[0.0, -0.0, -112.13650293648482]","[0.0, -0.0, -112.70000295124103]","[0.0, 0.0, 0.0]","[0, 0, 0]","[0.0, -0.0, -2.9512410293364155e-06]","[0.0, 0.0, -0.048755]",1.276731491361982e-09,0.995,False,,"[null, null, null, null, null, null, null, null]",0.0,False,2.622604167612508e-06,1.103699209803466e-08
moving_zero_current,1,200,0,1.445,0.0050000000000001155,"[0, 0, 0]","[0.39800000190734863, -0.0, 0.0]","[0.38371214270591736, -0.0, 0.0]","[0.003908560611307621, -0.0, -5.0]","[-0.0, 0.0, -0.0]","[0.0, -0.0, -0.0]","[-2.8575718402861887, 0.0, 0.0]","[-2.8575692176818848, 0.0, 0.0]","[-32.86207616329117, 0.0, 0.0]","[-28.427212202368562, 0.0, 0.0]","[0.0, 0.0, 0.0]","[-28.427182112465058, 0.0, -0.0]","[-28.427212202368562, 0.0, 0.0]","[0.38371215572307155, 0.0, 0.0]",1.3017154187888735e-08,0.995,False,1.0000010584905454,"[1.0000010584905454, 1.0000002828927113, 0.9999998507136953, 0.9999979629420565, 1.000002125747978, 0.9999999727750823, 0.999999120758856, 0.9999994498496548]",0.0,False,4.291534373646044e-06,2.0253357102539837e-08
moving_matched_current,1,200,0,1.49,0.004999999999999893,"[0.39800000190734863, -0.0, 0.0]","[0.39800000190734863, -0.0, 0.0]","[0.39601001143455505, -0.0, 0.0]","[0.003970049787312746, -0.0, -5.0]","[-0.0, 0.0, -0.0]","[0.0, -0.0, -0.0]","[-0.3979980945587243, 0.0, 0.0]","[-0.39800000190734863, 0.0, 0.0]","[-4.57697808742533, 0.0, 0.0]","[2.2044732961302076e-05, 0.0, 0.0]","[0.0, 0.0, 0.0]","[-0.0, -0.0, -0.0]","[2.2044732961302076e-05, 0.0, 0.0]","[0.3960100018978119, 0.0, 0.0]",9.536743172944284e-09,0.995,False,,"[null, 0.9165301142128491, 1.0061473731661748, 1.0010996216117625, 1.000767046660754, 0.999159750051918, 1.001575033462199, 0.9999391605325947]",0.0,False,5.155801763911949e-06,2.5662249436564366e-08
neutral_zero,2,200,0,1.535,0.004999999999999893,"[0, 0, 0]","[0.0, -0.0, 0.0]","[0.0, -0.0, 0.0]","[0.0, -0.0, -5.0]","[-0.0, 0.0, -0.0]","[0.0, -0.0, -0.0]","[0.0, 0.0, 0.0]","[0.0, 0.0, 0.0]","[0.0, 0.0, 0.0]","[0.0, 0.0, 0.0]","[0.0, 0.0, 0.0]","[-0.0, 0.0, -0.0]","[0.0, 0.0, 0.0]","[0.0, 0.0, 0.0]",0.0,0.995,False,,"[null, null, null, null, null, null, null, null]",0.0,False,0.0,0.0
current_x_0.1,2,200,0,1.58,0.0050000000000001155,"[0.1, 0, 0]","[0.0, -0.0, 0.0]","[0.0007763595203869045, -0.0, 0.0]","[3.881797510985052e-06, -0.0, -5.0]","[-0.0, 0.0, -0.0]","[0.0, -0.0, -0.0]","[0.15527190407737732, 0.0, 0.0]","[0.15527191758155823, 0.0, 0.0]","[1.7856268968898392, 0.0, 0.0]","[1.7945998963716978, 0.0, 0.0]","[0.0, 0.0, 0.0]","[1.7946000000000002, 0.0, -0.0]","[1.7945998963716978, 0.0, 0.0]","[0.0007763595652173915, 0.0, 0.0]",4.483048697892511e-11,0.995,False,0.9999999422554873,"[0.9999999422554873, 0.9999999974294833, 0.9999999847152512, 0.9999999665897132, 1.0000000835069207, 1.0000001163170964, 0.999999736926165, 1.00000020241158]",0.0,False,4.0978196447216675e-08,1.865531392558628e-10
current_x_0.2,2,200,0,1.625,0.004999999999999893,"[0.2, 0, 0]","[0.0, -0.0, 0.0]","[0.003105438081547618, -0.0, 0.0]","[1.552719004394021e-05, -0.0, -5.0]","[-0.0, 0.0, -0.0]","[0.0, -0.0, -0.0]","[0.6210876163095368, 0.0, 0.0]","[0.6210876703262329, 0.0, 0.0]","[7.142507587559673, 0.0, 0.0]","[7.17839958548711, 0.0, 0.0]","[0.0, 0.0, 0.0]","[7.178400000000001, 0.0, -0.0]","[7.17839958548711, 0.0, 0.0]","[0.003105438260869566, 0.0, 0.0]",1.7932194791570044e-10,0.995,False,0.9999999422555318,"[0.9999999422555318, 1.0000000080155513, 0.9999999348229018, 0.9999998864241301, 1.0000000442734387, 1.00000014317907, 0.9999997948647831, 0.9999998116232717]",0.0,False,1.0430811797634831e-07,5.329483764027199e-10
current_x_0.4,2,200,0,1.67,0.004999999999999893,"[0.4, 0, 0]","[0.0, -0.0, 0.0]","[0.012421752326190472, -0.0, 0.0]","[6.210876017576084e-05, -0.0, -5.0]","[-0.0, 0.0, -0.0]","[0.0, -0.0, -0.0]","[2.484350465238147, 0.0, 0.0]","[2.4843506813049316, 0.0, 0.0]","[28.570030350238692, 0.0, 0.0]","[28.71359834194844, 0.0, 0.0]","[0.0, 0.0, 0.0]","[28.713600000000003, 0.0, -0.0]","[28.71359834194844, 0.0, 0.0]","[0.012421753043478263, 0.0, 0.0]",7.172877916628018e-10,0.995,False,0.9999999422555318,"[0.9999999422555318, 1.000000072365976, 0.9999999018530952, 1.0000001336177187, 0.9999999748553223, 0.9999996553368191, 1.000000143507687, 0.9999996597239411]",0.0,False,5.960464892762474e-07,3.192143369079581e-09
current_x_0.8,2,200,0,1.715,0.0050000000000001155,"[0.8, 0, 0]","[0.0, -0.0, 0.0]","[0.04968700930476189, -0.0, 0.0]","[0.00024843504070304334, -0.0, -5.0]","[-0.0, 0.0, -0.0]","[0.0, -0.0, -0.0]","[9.937401860952148, 0.0, 0.0]","[9.937402725219727, 0.0, 0.0]","[114.28012140094971, 0.0, 0.0]","[114.85439336778866, 0.0, 0.0]","[0.0, 0.0, 0.0]","[114.85440000000001, 0.0, -0.0]","[114.85439336778866, 0.0, 0.0]","[0.04968701217391305, 0.0, 0.0]",2.869151166651207e-09,0.995,False,0.9999999422554873,"[0.9999999422554873, 1.0000000530696525, 1.0000000663415731, 1.0000000388712564, 0.9999995588302428, 1.0000000948469834, 0.9999999332528974, 1.0000003250177179]",0.0,False,2.741813800000159e-06,1.3788513525403445e-08
current_x_negative,2,200,0,1.76,0.0050000000000001155,"[-0.4, 0, 0]","[0.0, -0.0, 0.0]","[-0.012421752326190472, -0.0, 0.0]","[-6.210876017576084e-05, -0.0, -5.0]","[-0.0, 0.0, -0.0]","[0.0, -0.0, -0.0]","[-2.484350465238037, 0.0, 0.0]","[-2.4843506813049316, 0.0, 0.0]","[-28.570030350237428, 0.0, 0.0]","[-28.713598341947165, 0.0, 0.0]","[0.0, 0.0, 0.0]","[-28.713600000000003, 0.0, -0.0]","[-28.713598341947165, 0.0, 0.0]","[-0.012421753043478263, 0.0, 0.0]",7.172877916628018e-10,0.995,False,0.9999999422554873,"[0.9999999422554873, 1.0000000723660205, 0.9999999018530507, 1.000000133617763, 0.9999999748552779, 0.9999996553368634, 1.0000001435076429, 0.9999996597239855]",0.0,False,5.960464137810817e-07,3.192143369079581e-09
current_1_-1,2,200,0,1.805,0.004999999999999893,"[0, -0.4, 0]","[0.0, -0.0, 0.0]","[0.0, -0.012421752326190472, 0.0]","[0.0, -6.210876017576084e-05, -5.0]","[-0.0, 0.0, -0.0]","[0.0, -0.0, -0.0]","[0.0, -2.484350465238147, 0.0]","[0.0, -2.4843506813049316, 0.0]","[0.0, -28.570030350238692, 0.0]","[0.0, -28.71359834194844, 0.0]","[0.0, 0.0, 0.0]","[-0.0, -28.713600000000003, -0.0]","[0.0, -28.71359834194844, 0.0]","[0.0, -0.012421753043478263, 0.0]",7.172877916628018e-10,0.995,False,0.9999999422555318,"[0.9999999422555318, 1.000000072365976, 0.9999999018530952, 1.0000001336177187, 0.9999999748553223, 0.9999996553368191, 1.000000143507687, 0.9999996597239411]",0.0,False,5.960464892762474e-07,3.192143369079581e-09
current_1_1,2,200,0,1.85,0.0050000000000001155,"[0, 0.4, 0]","[0.0, -0.0, 0.0]","[0.0, 0.012421752326190472, 0.0]","[0.0, 6.210876017576084e-05, -5.0]","[-0.0, 0.0, -0.0]","[0.0, -0.0, -0.0]","[0.0, 2.484350465238037, 0.0]","[0.0, 2.4843506813049316, 0.0]","[0.0, 28.570030350237428, 0.0]","[0.0, 28.713598341947165, 0.0]","[0.0, 0.0, 0.0]","[-0.0, 28.713600000000003, -0.0]","[0.0, 28.713598341947165, 0.0]","[0.0, 0.012421753043478263, 0.0]",7.172877916628018e-10,0.995,False,0.9999999422554873,"[0.9999999422554873, 1.0000000723660205, 0.9999999018530507, 1.000000133617763, 0.9999999748552779, 0.9999996553368634, 1.000000143507687, 0.9999996597239411]",0.0,False,5.960464846133107e-07,3.192143369079581e-09
current_2_-1,2,200,0,1.895,0.0050000000000001155,"[0, 0, -0.4]","[0.0, -0.0, 0.0]","[0.0, -0.0, -0.012421752326190472]","[0.0, -0.0, -5.000061988830566]","[-0.0, 0.0, -0.0]","[0.0, -0.0, -0.0]","[0.0, 0.0, -2.484350465238037]","[0.0, 0.0, -2.4843506813049316]","[0.0, 0.0, -28.570030350237428]","[0.0, 0.0, -28.713598341947165]","[0.0, 0.0, 0.0]","[-0.0, 0.0, -28.713600000000003]","[0.0, 0.0, -28.713598341947165]","[0.0, 0.0, -0.012421753043478263]",7.172877916628018e-10,0.995,False,0.9999999422554873,"[0.9999999422554873, 1.0000000723660205, 0.9999999018530507, 1.000000133617763, 0.9999999748552779, 0.9999996553368634, 1.0000001435076429, 0.9999996597239855]",0.0,False,5.960464137810817e-07,3.192143369079581e-09
current_2_1,2,200,0,1.94,0.004999999999999893,"[0, 0, 0.4]","[0.0, -0.0, 0.0]","[0.0, -0.0, 0.012421752326190472]","[0.0, -0.0, -4.999938011169434]","[-0.0, 0.0, -0.0]","[0.0, -0.0, -0.0]","[0.0, 0.0, 2.484350465238147]","[0.0, 0.0, 2.4843506813049316]","[0.0, 0.0, 28.570030350238692]","[0.0, 0.0, 28.71359834194844]","[0.0, 0.0, 0.0]","[-0.0, 0.0, 28.713600000000003]","[0.0, 0.0, 28.71359834194844]","[0.0, 0.0, 0.012421753043478263]",7.172877916628018e-10,0.995,False,0.9999999422555318,"[0.9999999422555318, 1.000000072365976, 0.9999999018530952, 1.0000001336177187, 0.9999999748553223, 0.9999996553368191, 1.000000143507687, 0.9999996597239411]",0.0,False,5.960464892762474e-07,3.192143369079581e-09
yaw90_world_current,2,200,0,1.985,0.0050000000000001155,"[0.4, 0, 0]","[0.0, -0.0, 0.0]","[0.012421752326190472, -0.0, 0.0]","[6.210876017576084e-05, -3.3306689994292145e-18, -5.0]","[-0.0, 0.0, -0.0]","[0.0, -0.0, 90.00000762939453]","[2.484350465238037, 0.0, 0.0]","[2.4843506813049316, 0.0, 0.0]","[28.570030350237428, 0.0, 0.0]","[28.713598341947165, 0.0, 0.0]","[0.0, 0.0, 0.0]","[28.713600000000003, 0.0, -0.0]","[28.713598341947165, 0.0, 0.0]","[0.012421753043478263, 0.0, 0.0]",7.172877916628018e-10,0.995,False,0.9999999422554873,"[0.9999999422554873, 1.0000000723660205, 0.9999999018530507, 1.000000133617763, 0.9999999748553223, 0.9999996553368634, 1.0000001435075985, 0.9999996597239855]",0.0,False,5.960464137810817e-07,3.192143369079581e-09
thrust_0_10N,2,200,0,2.03,0.004999999999999893,"[0, 0, 0]","[0.0, -0.0, 0.0]","[0.0043260869570076466, -0.0, 0.0]","[2.1630432456731796e-05, -0.0, -5.0]","[-0.0, 0.0, -0.0]","[0.0, -0.0, -0.0]","[0.8652173914015477, 0.0, 0.0]","[0.865217387676239, 0.0, 0.0]","[9.950000001117798, 0.0, 0.0]","[10.000000001123416, 0.0, 0.0]","[10, 0.0, 0.0]","[-0.0, 0.0, -0.0]","[1.1234160268713822e-09, 0.0, 0.0]","[0.004326086956521739, 0.0, 0.0]",4.859073213236975e-13,0.995,False,,"[null, 1.000252543742757, 1.0000429528210089, 1.0000034916766336, 1.0000282326941554, 0.9999807076757566, 1.0000178123068717, 0.9999964967597882]",0.0,False,1.4901159428593047e-07,9.031759402866602e-10
thrust_1_10N,2,200,0,2.075,0.0050000000000003375,"[0, 0, 0]","[0.0, -0.0, 0.0]","[0.0, 0.0043260869570076466, 0.0]","[0.0, 2.1630432456731796e-05, -5.0]","[-0.0, -3.375426319547065e-23, 2.2121193927783644e-18]","[0.0, -0.0, -0.0]","[0.0, 0.8652173914014709, 0.0]","[0.0, 0.865217387676239, 0.0]","[0.0, 9.950000001116916, 0.0]","[0.0, 10.000000001122528, 0.0]","[0.0, 10, 0.0]","[-0.0, 0.0, -0.0]","[0.0, 1.122527848451682e-09, 0.0]","[0.0, 0.004326086956521739, 0.0]",4.859073213236975e-13,0.995,False,,"[null, 1.000252543478308, 1.0000429528210089, 1.0000034916766336, 1.000028232710872, 0.9999807076650084, 1.0000178123068717, 0.9999964967597882]",1.7466416598819296e-17,False,1.4901159428593047e-07,9.031759402866602e-10
thrust_2_10N,2,200,0,2.12,0.004999999999999893,"[0, 0, 0]","[0.0, -0.0, 0.0]","[0.0, -0.0, 0.0043260869570076466]","[0.0, -0.0, -4.999978065490723]","[-0.0, 7.560955056759621e-21, -0.0]","[0.0, -0.0, -0.0]","[0.0, 0.0, 0.8652173914015477]","[0.0, 0.0, 0.865217387676239]","[0.0, 0.0, 9.950000001117798]","[0.0, 0.0, 10.000000001123416]","[0.0, 0.0, 10]","[-0.0, 0.0, -0.0]","[0.0, 0.0, 1.1234160268713822e-09]","[0.0, 0.0, 0.004326086956521739]",4.859073213236975e-13,0.995,False,,"[null, 1.000252543478308, 1.0000429528210089, 1.0000034916766336, 1.000028232710872, 0.9999807076650084, 1.0000178123068717, 0.9999964967597882]",5.969966691008925e-20,False,1.4901159428593047e-07,9.031759402866602e-10
gravity_air,2,200,0,2.165,0.004999999999999893,"[0, 0, 0]","[0, 0, 0]","[0.0, -0.0, -0.04875500127673149]","[0.0, -0.0, 19.999755859375]","[-0.0, 0.0, -0.0]","[0.0, -0.0, -0.0]","[0.0, -0.0, -9.751000255346506]","[0.0, 0.0, -9.75100040435791]","[0.0, -0.0, -112.13650293648482]","[0.0, -0.0, -112.70000295124103]","[0.0, 0.0, 0.0]","[0, 0, 0]","[0.0, -0.0, -2.9512410293364155e-06]","[0.0, 0.0, -0.048755]",1.276731491361982e-09,0.995,False,,"[null, null, null, null, null, null, null, null]",0.0,False,2.622604167612508e-06,1.103699209803466e-08
moving_zero_current,2,200,0,2.21,0.004999999999999893,"[0, 0, 0]","[0.39800000190734863, -0.0, 0.0]","[0.38371214270591736, -0.0, 0.0]","[0.003908560611307621, -0.0, -5.0]","[-0.0, 0.0, -0.0]","[0.0, -0.0, -0.0]","[-2.8575718402863157, 0.0, 0.0]","[-2.8575692176818848, 0.0, 0.0]","[-32.86207616329263, 0.0, 0.0]","[-28.427212202369823, 0.0, 0.0]","[0.0, 0.0, 0.0]","[-28.427182112465058, 0.0, -0.0]","[-28.427212202369823, 0.0, 0.0]","[0.38371215572307155, 0.0, 0.0]",1.3017154187888735e-08,0.995,False,1.00000105849059,"[1.00000105849059, 1.0000002828927113, 0.9999998507136509, 0.9999979629420565, 1.0000021257480227, 0.9999999727750823, 0.9999991207588114, 0.9999994498496548]",0.0,False,4.291534373646044e-06,2.0253357102539837e-08
moving_matched_current,2,200,0,2.255,0.004999999999999893,"[0.39800000190734863, -0.0, 0.0]","[0.39800000190734863, -0.0, 0.0]","[0.39601001143455505, -0.0, 0.0]","[0.003970049787312746, -0.0, -5.0]","[-0.0, 0.0, -0.0]","[0.0, -0.0, -0.0]","[-0.3979980945587243, 0.0, 0.0]","[-0.39800000190734863, 0.0, 0.0]","[-4.57697808742533, 0.0, 0.0]","[2.2044732961302076e-05, 0.0, 0.0]","[0.0, 0.0, 0.0]","[-0.0, -0.0, -0.0]","[2.2044732961302076e-05, 0.0, 0.0]","[0.3960100018978119, 0.0, 0.0]",9.536743172944284e-09,0.995,False,,"[null, 0.9165301142128898, 1.0061473731660855, 1.0010996216117625, 1.0007670466607985, 0.999159750051918, 1.0015750334621545, 0.9999391605325947]",0.0,False,5.155801781508984e-06,2.5662249436564366e-08
